model	simulation	study	group	subjects	observer	time	value	sigma	BW	PODOSE_apap	IVDOSE_apap	PODOSE_co2c13	IVDOSE_co2c13	Ri_co2c13	ti_co2c13	PODOSE_metc13	IVDOSE_metc13	ti_metc13
limax_pkpd_v42	apap	Chiew2010	NaN	9	Mve_apap	0.0	1.4839	NaN	73.0	5840.0	0.0	0.0	0.0	0.0	10.0	0.0	0.0	10.0
limax_pkpd_v42	apap	Chiew2010	NaN	9	Mve_apap	0.5	69.4289	21.0708	73.0	5840.0	0.0	0.0	0.0	0.0	10.0	0.0	0.0	10.0
limax_pkpd_v42	apap	Chiew2010	NaN	9	Mve_apap	0.8	86.0395	20.7726	73.0	5840.0	0.0	0.0	0.0	0.0	10.0	0.0	0.0	10.0
limax_pkpd_v42	apap	Chiew2010	NaN	9	Mve_apap	1.0	69.4101	14.8372	73.0	5840.0	0.0	0.0	0.0	0.0	10.0	0.0	0.0	10.0
limax_pkpd_v42	apap	Chiew2010	NaN	9	Mve_apap	1.5	58.4108	8.6064	73.0	5840.0	0.0	0.0	0.0	0.0	10.0	0.0	0.0	10.0
limax_pkpd_v42	apap	Chiew2010	NaN	9	Mve_apap	2.0	58.3906	4.7498	73.0	5840.0	0.0	0.0	0.0	0.0	10.0	0.0	0.0	10.0
limax_pkpd_v42	apap	Chiew2010	NaN	9	Mve_apap	3.0	52.7144	1.785	73.0	5840.0	0.0	0.0	0.0	0.0	10.0	0.0	0.0	10.0
limax_pkpd_v42	apap	Chiew2010	NaN	9	Mve_apap	4.0	42.5881	1.4839	73.0	5840.0	0.0	0.0	0.0	0.0	10.0	0.0	0.0	10.0
limax_pkpd_v42	apap	Chiew2010	NaN	9	Mve_apap	6.0	26.7826	NaN	73.0	5840.0	0.0	0.0	0.0	0.0	10.0	0.0	0.0	10.0
limax_pkpd_v42	apap	Chiew2010	NaN	9	Mve_apap	8.0	14.8381	NaN	73.0	5840.0	0.0	0.0	0.0	0.0	10.0	0.0	0.0	10.0
limax_pkpd_v42	apap	Chiew2010	NaN	9	Mve_apap	10.0	8.8305	NaN	73.0	5840.0	0.0	0.0	0.0	0.0	10.0	0.0	0.0	10.0
limax_pkpd_v42	apap	Chiew2010	NaN	9	Mve_apap	12.0	4.8989	NaN	73.0	5840.0	0.0	0.0	0.0	0.0	10.0	0.0	0.0	10.0
limax_pkpd_v42	apap	Chiew2010	NaN	6	Mve_apap	16.0	1.784	NaN	73.0	5840.0	0.0	0.0	0.0	0.0	10.0	0.0	0.0	10.0
limax_pkpd_v42	apap	Chiew2010	NaN	6	Mve_apap	24.0	0.8889	NaN	73.0	5840.0	0.0	0.0	0.0	0.0	10.0	0.0	0.0	10.0
limax_pkpd_v42	apap	Critchley2005	NaN	9	Mve_apap	0.0	0.14	NaN	68.0	1360.0	0.0	0.0	0.0	0.0	10.0	0.0	0.0	10.0
limax_pkpd_v42	apap	Critchley2005	NaN	9	Mve_apap	0.25	8.84	1.83	68.0	1360.0	0.0	0.0	0.0	0.0	10.0	0.0	0.0	10.0
limax_pkpd_v42	apap	Critchley2005	NaN	9	Mve_apap	0.5	14.75	1.49	68.0	1360.0	0.0	0.0	0.0	0.0	10.0	0.0	0.0	10.0
limax_pkpd_v42	apap	Critchley2005	NaN	9	Mve_apap	0.75	16.86	1.22	68.0	1360.0	0.0	0.0	0.0	0.0	10.0	0.0	0.0	10.0
limax_pkpd_v42	apap	Critchley2005	NaN	9	Mve_apap	1.0	16.66	1.15	68.0	1360.0	0.0	0.0	0.0	0.0	10.0	0.0	0.0	10.0
limax_pkpd_v42	apap	Critchley2005	NaN	9	Mve_apap	1.5	14.97	0.81	68.0	1360.0	0.0	0.0	0.0	0.0	10.0	0.0	0.0	10.0
limax_pkpd_v42	apap	Critchley2005	NaN	9	Mve_apap	2.0	14.03	0.95	68.0	1360.0	0.0	0.0	0.0	0.0	10.0	0.0	0.0	10.0
limax_pkpd_v42	apap	Critchley2005	NaN	9	Mve_apap	3.0	10.85	0.95	68.0	1360.0	0.0	0.0	0.0	0.0	10.0	0.0	0.0	10.0
limax_pkpd_v42	apap	Critchley2005	NaN	9	Mve_apap	4.0	8.22	0.88	68.0	1360.0	0.0	0.0	0.0	0.0	10.0	0.0	0.0	10.0
limax_pkpd_v42	apap	Critchley2005	NaN	9	Mve_apap	5.0	6.27	0.88	68.0	1360.0	0.0	0.0	0.0	0.0	10.0	0.0	0.0	10.0
limax_pkpd_v42	apap	Critchley2005	NaN	9	Mve_apap	6.0	4.72	NaN	68.0	1360.0	0.0	0.0	0.0	0.0	10.0	0.0	0.0	10.0
limax_pkpd_v42	apap	Critchley2005	NaN	9	Mve_apap	7.0	3.58	NaN	68.0	1360.0	0.0	0.0	0.0	0.0	10.0	0.0	0.0	10.0
limax_pkpd_v42	apap	Critchley2005	NaN	9	Mve_apap	8.0	2.58	NaN	68.0	1360.0	0.0	0.0	0.0	0.0	10.0	0.0	0.0	10.0
limax_pkpd_v42	apap	Critchley2005	NaN	9	Mve_apap	12.0	1.24	NaN	68.0	1360.0	0.0	0.0	0.0	0.0	10.0	0.0	0.0	10.0
limax_pkpd_v42	apap	Critchley2005	NaN	9	Mve_apap	24.0	0.61	NaN	68.0	1360.0	0.0	0.0	0.0	0.0	10.0	0.0	0.0	10.0
limax_pkpd_v42	apap	Rawlins1977	IV_D1000	6	Mve_apap	0.25	19.861	2.0153	75.0	0.0	1000.0	0.0	0.0	0.0	10.0	0.0	0.0	10.0
limax_pkpd_v42	apap	Rawlins1977	IV_D1000	6	Mve_apap	0.5	13.8346	1.2752	75.0	0.0	1000.0	0.0	0.0	0.0	10.0	0.0	0.0	10.0
limax_pkpd_v42	apap	Rawlins1977	IV_D1000	6	Mve_apap	0.75	12.0803	1.3202	75.0	0.0	1000.0	0.0	0.0	0.0	10.0	0.0	0.0	10.0
limax_pkpd_v42	apap	Rawlins1977	IV_D1000	6	Mve_apap	1.0	11.2248	0.9376	75.0	0.0	1000.0	0.0	0.0	0.0	10.0	0.0	0.0	10.0
limax_pkpd_v42	apap	Rawlins1977	IV_D1000	6	Mve_apap	1.5	8.7049	0.9431	75.0	0.0	1000.0	0.0	0.0	0.0	10.0	0.0	0.0	10.0
limax_pkpd_v42	apap	Rawlins1977	IV_D1000	6	Mve_apap	2.0	7.6011	0.7683	75.0	0.0	1000.0	0.0	0.0	0.0	10.0	0.0	0.0	10.0
limax_pkpd_v42	apap	Rawlins1977	IV_D1000	6	Mve_apap	3.0	5.5395	0.7803	75.0	0.0	1000.0	0.0	0.0	0.0	10.0	0.0	0.0	10.0
limax_pkpd_v42	apap	Rawlins1977	IV_D1000	6	Mve_apap	4.0	3.8369	0.5205	75.0	0.0	1000.0	0.0	0.0	0.0	10.0	0.0	0.0	10.0
limax_pkpd_v42	apap	Rawlins1977	IV_D1000	6	Mve_apap	5.0	2.9924	0.5285	75.0	0.0	1000.0	0.0	0.0	0.0	10.0	0.0	0.0	10.0
limax_pkpd_v42	apap	Rawlins1977	IV_D1000	6	Mve_apap	6.0	2.5116	0.4232	75.0	0.0	1000.0	0.0	0.0	0.0	10.0	0.0	0.0	10.0
limax_pkpd_v42	apap	Rawlins1977	ORAL_D500	6	Mve_apap	0.0	0.3079	NaN	75.0	500.0	0.0	0.0	0.0	0.0	10.0	0.0	0.0	10.0
limax_pkpd_v42	apap	Rawlins1977	ORAL_D500	6	Mve_apap	0.5	4.0211	0.5081	75.0	500.0	0.0	0.0	0.0	0.0	10.0	0.0	0.0	10.0
limax_pkpd_v42	apap	Rawlins1977	ORAL_D500	6	Mve_apap	1.0	4.1514	0.3805	75.0	500.0	0.0	0.0	0.0	0.0	10.0	0.0	0.0	10.0
limax_pkpd_v42	apap	Rawlins1977	ORAL_D500	6	Mve_apap	2.0	3.3376	0.3747	75.0	500.0	0.0	0.0	0.0	0.0	10.0	0.0	0.0	10.0
limax_pkpd_v42	apap	Rawlins1977	ORAL_D500	6	Mve_apap	3.0	1.937	0.1775	75.0	500.0	0.0	0.0	0.0	0.0	10.0	0.0	0.0	10.0
limax_pkpd_v42	apap	Rawlins1977	ORAL_D500	6	Mve_apap	4.0	1.4175	0.3038	75.0	500.0	0.0	0.0	0.0	0.0	10.0	0.0	0.0	10.0
limax_pkpd_v42	apap	Rawlins1977	ORAL_D500	6	Mve_apap	5.0	1.0771	0.2145	75.0	500.0	0.0	0.0	0.0	0.0	10.0	0.0	0.0	10.0
limax_pkpd_v42	apap	Rawlins1977	ORAL_D500	6	Mve_apap	6.0	0.7265	0.0716	75.0	500.0	0.0	0.0	0.0	0.0	10.0	0.0	0.0	10.0
limax_pkpd_v42	apap	Rawlins1977	ORAL_D1000	6	Mve_apap	0.0	0.306	NaN	75.0	1000.0	0.0	0.0	0.0	0.0	10.0	0.0	0.0	10.0
limax_pkpd_v42	apap	Rawlins1977	ORAL_D1000	6	Mve_apap	0.5	13.39	3.0753	75.0	1000.0	0.0	0.0	0.0	0.0	10.0	0.0	0.0	10.0
limax_pkpd_v42	apap	Rawlins1977	ORAL_D1000	6	Mve_apap	1.0	12.9026	3.2644	75.0	1000.0	0.0	0.0	0.0	0.0	10.0	0.0	0.0	10.0
limax_pkpd_v42	apap	Rawlins1977	ORAL_D1000	6	Mve_apap	2.0	8.0231	0.7356	75.0	1000.0	0.0	0.0	0.0	0.0	10.0	0.0	0.0	10.0
limax_pkpd_v42	apap	Rawlins1977	ORAL_D1000	6	Mve_apap	3.0	4.9887	0.4574	75.0	1000.0	0.0	0.0	0.0	0.0	10.0	0.0	0.0	10.0
limax_pkpd_v42	apap	Rawlins1977	ORAL_D1000	6	Mve_apap	4.0	3.9359	0.4149	75.0	1000.0	0.0	0.0	0.0	0.0	10.0	0.0	0.0	10.0
limax_pkpd_v42	apap	Rawlins1977	ORAL_D1000	6	Mve_apap	5.0	2.8267	0.298	75.0	1000.0	0.0	0.0	0.0	0.0	10.0	0.0	0.0	10.0
limax_pkpd_v42	apap	Rawlins1977	ORAL_D1000	6	Mve_apap	6.0	2.2162	0.1881	75.0	1000.0	0.0	0.0	0.0	0.0	10.0	0.0	0.0	10.0
limax_pkpd_v42	apap	Rawlins1977	ORAL_D2000	6	Mve_apap	0.0	0.3079	NaN	75.0	2000.0	0.0	0.0	0.0	0.0	10.0	0.0	0.0	10.0
limax_pkpd_v42	apap	Rawlins1977	ORAL_D2000	6	Mve_apap	0.5	11.6637	5.0566	75.0	2000.0	0.0	0.0	0.0	0.0	10.0	0.0	0.0	10.0
limax_pkpd_v42	apap	Rawlins1977	ORAL_D2000	6	Mve_apap	1.0	13.565	3.5226	75.0	2000.0	0.0	0.0	0.0	0.0	10.0	0.0	0.0	10.0
limax_pkpd_v42	apap	Rawlins1977	ORAL_D2000	6	Mve_apap	2.0	20.153	3.0131	75.0	2000.0	0.0	0.0	0.0	0.0	10.0	0.0	0.0	10.0
limax_pkpd_v42	apap	Rawlins1977	ORAL_D2000	6	Mve_apap	3.0	14.2935	2.9705	75.0	2000.0	0.0	0.0	0.0	0.0	10.0	0.0	0.0	10.0
limax_pkpd_v42	apap	Rawlins1977	ORAL_D2000	6	Mve_apap	4.0	10.4603	2.0152	75.0	2000.0	0.0	0.0	0.0	0.0	10.0	0.0	0.0	10.0
limax_pkpd_v42	apap	Rawlins1977	ORAL_D2000	6	Mve_apap	5.0	7.5125	1.3266	75.0	2000.0	0.0	0.0	0.0	0.0	10.0	0.0	0.0	10.0
limax_pkpd_v42	apap	Rawlins1977	ORAL_D2000	6	Mve_apap	6.0	5.4633	1.0794	75.0	2000.0	0.0	0.0	0.0	0.0	10.0	0.0	0.0	10.0
limax_pkpd_v42	apap	Albert1974	capsule	10	Mve_apap	0.1666666667	0.02	0.01	68.0	650.0	0.0	0.0	0.0	0.0	10.0	0.0	0.0	10.0
limax_pkpd_v42	apap	Albert1974	capsule	10	Mve_apap	0.3333333333	1.73	0.7390000000000001	68.0	650.0	0.0	0.0	0.0	0.0	10.0	0.0	0.0	10.0
limax_pkpd_v42	apap	Albert1974	capsule	10	Mve_apap	0.5	2.38	0.628	68.0	650.0	0.0	0.0	0.0	0.0	10.0	0.0	0.0	10.0
limax_pkpd_v42	apap	Albert1974	capsule	10	Mve_apap	0.6666666667	3.26	0.44	68.0	650.0	0.0	0.0	0.0	0.0	10.0	0.0	0.0	10.0
limax_pkpd_v42	apap	Albert1974	capsule	10	Mve_apap	1.0	4.82	0.375	68.0	650.0	0.0	0.0	0.0	0.0	10.0	0.0	0.0	10.0
limax_pkpd_v42	apap	Albert1974	capsule	10	Mve_apap	2.0	5.36	0.39	68.0	650.0	0.0	0.0	0.0	0.0	10.0	0.0	0.0	10.0
limax_pkpd_v42	apap	Albert1974	capsule	10	Mve_apap	4.0	3.13	0.129	68.0	650.0	0.0	0.0	0.0	0.0	10.0	0.0	0.0	10.0
limax_pkpd_v42	apap	Albert1974	capsule	10	Mve_apap	6.0	1.84	0.08	68.0	650.0	0.0	0.0	0.0	0.0	10.0	0.0	0.0	10.0
limax_pkpd_v42	apap	Albert1974	capsule	10	Mve_apap	8.0	1.22	0.084	68.0	650.0	0.0	0.0	0.0	0.0	10.0	0.0	0.0	10.0
limax_pkpd_v42	apap	Albert1974	capsule	10	Mve_apap	12.0	0.52	0.037000000000000005	68.0	650.0	0.0	0.0	0.0	0.0	10.0	0.0	0.0	10.0
limax_pkpd_v42	apap	Albert1974	tablet	10	Mve_apap	0.1666666667	2.06	1.042	68.0	650.0	0.0	0.0	0.0	0.0	10.0	0.0	0.0	10.0
limax_pkpd_v42	apap	Albert1974	tablet	10	Mve_apap	0.3333333333	4.24	1.81	68.0	650.0	0.0	0.0	0.0	0.0	10.0	0.0	0.0	10.0
limax_pkpd_v42	apap	Albert1974	tablet	10	Mve_apap	0.5	4.91	1.295	68.0	650.0	0.0	0.0	0.0	0.0	10.0	0.0	0.0	10.0
limax_pkpd_v42	apap	Albert1974	tablet	10	Mve_apap	0.6666666667	5.69	0.768	68.0	650.0	0.0	0.0	0.0	0.0	10.0	0.0	0.0	10.0
limax_pkpd_v42	apap	Albert1974	tablet	10	Mve_apap	1.0	6.36	0.495	68.0	650.0	0.0	0.0	0.0	0.0	10.0	0.0	0.0	10.0
limax_pkpd_v42	apap	Albert1974	tablet	10	Mve_apap	2.0	4.94	0.359	68.0	650.0	0.0	0.0	0.0	0.0	10.0	0.0	0.0	10.0
limax_pkpd_v42	apap	Albert1974	tablet	10	Mve_apap	4.0	2.54	0.10400000000000001	68.0	650.0	0.0	0.0	0.0	0.0	10.0	0.0	0.0	10.0
limax_pkpd_v42	apap	Albert1974	tablet	10	Mve_apap	6.0	1.5	0.065	68.0	650.0	0.0	0.0	0.0	0.0	10.0	0.0	0.0	10.0
limax_pkpd_v42	apap	Albert1974	tablet	10	Mve_apap	8.0	0.83	0.057	68.0	650.0	0.0	0.0	0.0	0.0	10.0	0.0	0.0	10.0
limax_pkpd_v42	apap	Albert1974	tablet	10	Mve_apap	12.0	0.34	0.024	68.0	650.0	0.0	0.0	0.0	0.0	10.0	0.0	0.0	10.0
limax_pkpd_v42	apap	Baraka1990	NaN	10	Mve_apap	0.5	18.05	1.42	68.0	1500.0	0.0	0.0	0.0	0.0	10.0	0.0	0.0	10.0
limax_pkpd_v42	apap	Baraka1990	NaN	10	Mve_apap	1.0	17.72	1.69	68.0	1500.0	0.0	0.0	0.0	0.0	10.0	0.0	0.0	10.0
limax_pkpd_v42	apap	Baraka1990	NaN	10	Mve_apap	1.5	15.18	1.94	68.0	1500.0	0.0	0.0	0.0	0.0	10.0	0.0	0.0	10.0
limax_pkpd_v42	apap	Baraka1990	NaN	10	Mve_apap	2.0	13.61	1.63	68.0	1500.0	0.0	0.0	0.0	0.0	10.0	0.0	0.0	10.0
limax_pkpd_v42	apap	Baraka1990	NaN	10	Mve_apap	3.0	8.48	1.28	68.0	1500.0	0.0	0.0	0.0	0.0	10.0	0.0	0.0	10.0
limax_pkpd_v42	apap	Baraka1990	NaN	10	Mve_apap	4.0	6.34	1.05	68.0	1500.0	0.0	0.0	0.0	0.0	10.0	0.0	0.0	10.0
limax_pkpd_v42	apap	Baraka1990	NaN	10	Mve_apap	5.0	5.05	1.14	68.0	1500.0	0.0	0.0	0.0	0.0	10.0	0.0	0.0	10.0
limax_pkpd_v42	apap	Baraka1990	NaN	10	Mve_apap	6.0	3.54	0.82	68.0	1500.0	0.0	0.0	0.0	0.0	10.0	0.0	0.0	10.0
limax_pkpd_v42	apap	Baraka1990	NaN	10	Mve_apap	8.0	2.01	0.52	68.0	1500.0	0.0	0.0	0.0	0.0	10.0	0.0	0.0	10.0
limax_pkpd_v42	apap	Baraka1990	NaN	10	Mve_apap	12.0	1.08	0.27	68.0	1500.0	0.0	0.0	0.0	0.0	10.0	0.0	0.0	10.0
limax_pkpd_v42	apap	Baraka1990	NaN	10	Mve_apap	24.0	0.38	0.08	68.0	1500.0	0.0	0.0	0.0	0.0	10.0	0.0	0.0	10.0
limax_pkpd_v42	bicarbonate	Mohr2018	NaN	44	DOB	0.0	0.09905134276343956	0.5168426095098408	81.24772727272727	0.0	0.0	0.0	16.52822515909091	0.0	30.0	0.0	0.0	10.0
limax_pkpd_v42	bicarbonate	Mohr2018	NaN	44	DOB	0.5	57.264750643462726	4.152558095067853	81.24772727272727	0.0	0.0	0.0	16.52822515909091	0.0	30.0	0.0	0.0	10.0
limax_pkpd_v42	bicarbonate	Mohr2018	NaN	44	DOB	1.0	124.12586952458159	5.593313233483925	81.24772727272727	0.0	0.0	0.0	16.52822515909091	0.0	30.0	0.0	0.0	10.0
limax_pkpd_v42	bicarbonate	Mohr2018	NaN	44	DOB	1.5	71.76427861549071	2.7578214446003653	81.24772727272727	0.0	0.0	0.0	16.52822515909091	0.0	30.0	0.0	0.0	10.0
limax_pkpd_v42	bicarbonate	Mohr2018	NaN	44	DOB	2.0	50.313334559546654	1.4379411434329494	81.24772727272727	0.0	0.0	0.0	16.52822515909091	0.0	30.0	0.0	0.0	10.0
limax_pkpd_v42	bicarbonate	Mohr2018	NaN	44	DOB	2.5	42.44350239171449	1.0675170062117556	81.24772727272727	0.0	0.0	0.0	16.52822515909091	0.0	30.0	0.0	0.0	10.0
limax_pkpd_v42	bicarbonate	Mohr2018	NaN	44	DOB	3.0	37.717869524581616	0.9260837307902308	81.24772727272727	0.0	0.0	0.0	16.52822515909091	0.0	30.0	0.0	0.0	10.0
limax_pkpd_v42	bicarbonate	Mohr2018	NaN	44	DOB	3.5	33.70841497912708	0.8162144141466824	81.24772727272727	0.0	0.0	0.0	16.52822515909091	0.0	30.0	0.0	0.0	10.0
limax_pkpd_v42	bicarbonate	Mohr2018	NaN	44	DOB	4.0	30.71165274136484	0.7216164366636605	81.24772727272727	0.0	0.0	0.0	16.52822515909091	0.0	30.0	0.0	0.0	10.0
limax_pkpd_v42	bicarbonate	Mohr2018	NaN	44	DOB	4.5	28.312778615490718	0.6843972416800583	81.24772727272727	0.0	0.0	0.0	16.52822515909091	0.0	30.0	0.0	0.0	10.0
limax_pkpd_v42	bicarbonate	Mohr2018	NaN	44	DOB	5.0	26.472960433672533	0.6165188790895186	81.24772727272727	0.0	0.0	0.0	16.52822515909091	0.0	30.0	0.0	0.0	10.0
limax_pkpd_v42	bicarbonate	Mohr2018	NaN	44	DOB	5.5	24.71423316094525	0.5970155737600282	81.24772727272727	0.0	0.0	0.0	16.52822515909091	0.0	30.0	0.0	0.0	10.0
limax_pkpd_v42	bicarbonate	Mohr2018	NaN	44	DOB	6.0	23.255687706399804	0.5712898414711508	81.24772727272727	0.0	0.0	0.0	16.52822515909091	0.0	30.0	0.0	0.0	10.0
limax_pkpd_v42	bicarbonate	Mohr2018	NaN	44	DOB	6.5	22.194142251854352	0.4899564560504253	81.24772727272727	0.0	0.0	0.0	16.52822515909091	0.0	30.0	0.0	0.0	10.0
limax_pkpd_v42	bicarbonate	Mohr2018	NaN	44	DOB	7.0	21.534778615490712	0.43611157101869424	81.24772727272727	0.0	0.0	0.0	16.52822515909091	0.0	30.0	0.0	0.0	10.0
limax_pkpd_v42	bicarbonate	Mohr2018	NaN	44	DOB	7.5	20.33540448961659	0.4818901554862227	81.24772727272727	0.0	0.0	0.0	16.52822515909091	0.0	30.0	0.0	0.0	10.0
limax_pkpd_v42	bicarbonate	Mohr2018	NaN	44	DOB	8.0	19.47017721688932	0.44948785791111295	81.24772727272727	0.0	0.0	0.0	16.52822515909091	0.0	30.0	0.0	0.0	10.0
limax_pkpd_v42	bicarbonate	Mohr2018	NaN	44	DOB	8.5	18.740995398707494	0.4632431947281182	81.24772727272727	0.0	0.0	0.0	16.52822515909091	0.0	30.0	0.0	0.0	10.0
limax_pkpd_v42	bicarbonate	Mohr2018	NaN	44	DOB	9.0	18.245505888217988	0.44491653168327255	81.24772727272727	0.0	0.0	0.0	16.52822515909091	0.0	30.0	0.0	0.0	10.0
limax_pkpd_v42	bicarbonate	Mohr2018	NaN	44	DOB	9.5	17.752324070036167	0.4406542984842912	81.24772727272727	0.0	0.0	0.0	16.52822515909091	0.0	30.0	0.0	0.0	10.0
limax_pkpd_v42	bicarbonate	Mohr2018	NaN	44	DOB	10.0	16.95005134276344	0.4097003200260371	81.24772727272727	0.0	0.0	0.0	16.52822515909091	0.0	30.0	0.0	0.0	10.0
limax_pkpd_v42	bicarbonate	Mohr2018	NaN	44	DOB	10.5	16.721324070036168	0.33899957347059834	81.24772727272727	0.0	0.0	0.0	16.52822515909091	0.0	30.0	0.0	0.0	10.0
limax_pkpd_v42	bicarbonate	Mohr2018	NaN	44	DOB	11.0	16.053596797308895	0.3384600750163551	81.24772727272727	0.0	0.0	0.0	16.52822515909091	0.0	30.0	0.0	0.0	10.0
limax_pkpd_v42	bicarbonate	Mohr2018	NaN	44	DOB	11.5	15.828324070036167	0.3792191528314284	81.24772727272727	0.0	0.0	0.0	16.52822515909091	0.0	30.0	0.0	0.0	10.0
limax_pkpd_v42	bicarbonate	Mohr2018	NaN	44	DOB	12.0	15.684897496609596	0.380154336175448	81.24772727272727	0.0	0.0	0.0	16.52822515909091	0.0	30.0	0.0	0.0	10.0
limax_pkpd_v42	bicarbonate	Mohr2018	NaN	44	DOB	12.5	15.031233160945261	0.3693382002683773	81.24772727272727	0.0	0.0	0.0	16.52822515909091	0.0	30.0	0.0	0.0	10.0
limax_pkpd_v42	bicarbonate	Mohr2018	NaN	44	DOB	13.0	14.474687706399806	0.3590299720315629	81.24772727272727	0.0	0.0	0.0	16.52822515909091	0.0	30.0	0.0	0.0	10.0
limax_pkpd_v42	bicarbonate	Mohr2018	NaN	44	DOB	13.5	14.293687706399805	0.3453761446859964	81.24772727272727	0.0	0.0	0.0	16.52822515909091	0.0	30.0	0.0	0.0	10.0
limax_pkpd_v42	bicarbonate	Mohr2018	NaN	44	DOB	14.0	14.099869524581626	0.3667378005335588	81.24772727272727	0.0	0.0	0.0	16.52822515909091	0.0	30.0	0.0	0.0	10.0
limax_pkpd_v42	bicarbonate	Mohr2018	NaN	44	DOB	14.5	13.861869524581618	0.3546651142722668	81.24772727272727	0.0	0.0	0.0	16.52822515909091	0.0	30.0	0.0	0.0	10.0
limax_pkpd_v42	bicarbonate	Mohr2018	NaN	44	DOB	15.0	13.670649244861345	0.3868666398235139	81.24772727272727	0.0	0.0	0.0	16.52822515909091	0.0	30.0	0.0	0.0	10.0
limax_pkpd_v42	bicarbonate	Mohr2018	NaN	44	DOB	15.5	13.302582811294913	0.3595884653692985	81.24772727272727	0.0	0.0	0.0	16.52822515909091	0.0	30.0	0.0	0.0	10.0
limax_pkpd_v42	bicarbonate	Mohr2018	NaN	44	DOB	16.0	13.238505888217983	0.3615058837602033	81.24772727272727	0.0	0.0	0.0	16.52822515909091	0.0	30.0	0.0	0.0	10.0
limax_pkpd_v42	bicarbonate	Mohr2018	NaN	44	DOB	16.5	12.653960433672529	0.3766517153604112	81.24772727272727	0.0	0.0	0.0	16.52822515909091	0.0	30.0	0.0	0.0	10.0
limax_pkpd_v42	bicarbonate	Mohr2018	NaN	44	DOB	17.0	12.376869524581625	0.38146156247502655	81.24772727272727	0.0	0.0	0.0	16.52822515909091	0.0	30.0	0.0	0.0	10.0
limax_pkpd_v42	bicarbonate	Mohr2018	NaN	44	DOB	17.5	12.376414979127073	0.4037287037562695	81.24772727272727	0.0	0.0	0.0	16.52822515909091	0.0	30.0	0.0	0.0	10.0
limax_pkpd_v42	bicarbonate	Mohr2018	NaN	44	DOB	18.0	12.112687706399806	0.3923732634325508	81.24772727272727	0.0	0.0	0.0	16.52822515909091	0.0	30.0	0.0	0.0	10.0
limax_pkpd_v42	bicarbonate	Mohr2018	NaN	44	DOB	18.5	11.676869524581619	0.4136278073349286	81.24772727272727	0.0	0.0	0.0	16.52822515909091	0.0	30.0	0.0	0.0	10.0
limax_pkpd_v42	bicarbonate	Mohr2018	NaN	44	DOB	19.0	11.377778615490714	0.4590101244467876	81.24772727272727	0.0	0.0	0.0	16.52822515909091	0.0	30.0	0.0	0.0	10.0
limax_pkpd_v42	bicarbonate	Mohr2018	NaN	44	DOB	19.5	11.183324070036166	0.4406540442524479	81.24772727272727	0.0	0.0	0.0	16.52822515909091	0.0	30.0	0.0	0.0	10.0
limax_pkpd_v42	bicarbonate	Mohr2018	NaN	44	DOB	20.0	11.203051342763441	0.4543496977786825	81.24772727272727	0.0	0.0	0.0	16.52822515909091	0.0	30.0	0.0	0.0	10.0
limax_pkpd_v42	bicarbonate	Mohr2018	NaN	44	DOB	20.5	11.184869524581623	0.4076530577368012	81.24772727272727	0.0	0.0	0.0	16.52822515909091	0.0	30.0	0.0	0.0	10.0
limax_pkpd_v42	bicarbonate	Mohr2018	NaN	44	DOB	21.0	10.801163230875327	0.4276781190156698	81.24772727272727	0.0	0.0	0.0	16.52822515909091	0.0	30.0	0.0	0.0	10.0
limax_pkpd_v42	bicarbonate	Mohr2018	NaN	44	DOB	21.5	10.704718009430106	0.39109910100561546	81.24772727272727	0.0	0.0	0.0	16.52822515909091	0.0	30.0	0.0	0.0	10.0
limax_pkpd_v42	bicarbonate	Mohr2018	NaN	44	DOB	22.0	10.657093300805396	0.39506689203084455	81.24772727272727	0.0	0.0	0.0	16.52822515909091	0.0	30.0	0.0	0.0	10.0
limax_pkpd_v42	bicarbonate	Mohr2018	NaN	44	DOB	22.5	11.030142251854349	0.454379050015495	81.24772727272727	0.0	0.0	0.0	16.52822515909091	0.0	30.0	0.0	0.0	10.0
limax_pkpd_v42	bicarbonate	Mohr2018	NaN	44	DOB	23.0	10.59620169241379	0.4369052196226799	81.24772727272727	0.0	0.0	0.0	16.52822515909091	0.0	30.0	0.0	0.0	10.0
limax_pkpd_v42	bicarbonate	Mohr2018	NaN	44	DOB	23.5	10.369812706399804	0.4154485704158061	81.24772727272727	0.0	0.0	0.0	16.52822515909091	0.0	30.0	0.0	0.0	10.0
limax_pkpd_v42	bicarbonate	Mohr2018	NaN	44	DOB	24.0	10.060247146959243	0.3626417832994371	81.24772727272727	0.0	0.0	0.0	16.52822515909091	0.0	30.0	0.0	0.0	10.0
limax_pkpd_v42	bicarbonate	Irving1983	NaN	15	DOB	0.0	0.26666666666666666	0.13520902884601116	63.2	0.0	0.0	0.0	39.20928	0.0	10.0	0.0	0.0	10.0
limax_pkpd_v42	bicarbonate	Irving1983	NaN	15	DOB	0.016666666666666666	193.61333333333332	13.259555436377585	63.2	0.0	0.0	0.0	39.20928	0.0	10.0	0.0	0.0	10.0
limax_pkpd_v42	bicarbonate	Irving1983	NaN	15	DOB	0.05	127.15333333333336	2.460187285854773	63.2	0.0	0.0	0.0	39.20928	0.0	10.0	0.0	0.0	10.0
limax_pkpd_v42	bicarbonate	Irving1983	NaN	15	DOB	0.08333333333333333	90.85333333333332	3.0269290145722376	63.2	0.0	0.0	0.0	39.20928	0.0	10.0	0.0	0.0	10.0
limax_pkpd_v42	bicarbonate	Irving1983	NaN	15	DOB	0.11666666666666667	75.15333333333334	2.3513375232297364	63.2	0.0	0.0	0.0	39.20928	0.0	10.0	0.0	0.0	10.0
limax_pkpd_v42	bicarbonate	Irving1983	NaN	15	DOB	0.15	63.45333333333333	2.912057182995732	63.2	0.0	0.0	0.0	39.20928	0.0	10.0	0.0	0.0	10.0
limax_pkpd_v42	bicarbonate	Irving1983	NaN	15	DOB	0.2	54.52	2.0539003546098984	63.2	0.0	0.0	0.0	39.20928	0.0	10.0	0.0	0.0	10.0
limax_pkpd_v42	bicarbonate	Irving1983	NaN	15	DOB	0.25	46.25333333333334	1.4124168936548025	63.2	0.0	0.0	0.0	39.20928	0.0	10.0	0.0	0.0	10.0
limax_pkpd_v42	bicarbonate	Irving1983	NaN	15	DOB	0.3333333333333333	37.3	1.1223388278253783	63.2	0.0	0.0	0.0	39.20928	0.0	10.0	0.0	0.0	10.0
limax_pkpd_v42	bicarbonate	Irving1983	NaN	15	DOB	0.5	27.980000000000004	0.8074761778391841	63.2	0.0	0.0	0.0	39.20928	0.0	10.0	0.0	0.0	10.0
limax_pkpd_v42	bicarbonate	Irving1983	NaN	15	DOB	0.75	20.646666666666665	0.6491612822483872	63.2	0.0	0.0	0.0	39.20928	0.0	10.0	0.0	0.0	10.0
limax_pkpd_v42	bicarbonate	Irving1983	NaN	15	DOB	1.0	15.866666666666667	0.5646368875789243	63.2	0.0	0.0	0.0	39.20928	0.0	10.0	0.0	0.0	10.0
limax_pkpd_v42	bicarbonate	Irving1983	NaN	15	DOB	1.5	11.246666666666668	0.4431068761638705	63.2	0.0	0.0	0.0	39.20928	0.0	10.0	0.0	0.0	10.0
limax_pkpd_v42	bicarbonate	Irving1983	NaN	15	DOB	2.0	8.293333333333333	0.3816300322059068	63.2	0.0	0.0	0.0	39.20928	0.0	10.0	0.0	0.0	10.0
limax_pkpd_v42	bicarbonate	Irving1983	NaN	15	DOB	2.5	5.953333333333332	0.3040272892235047	63.2	0.0	0.0	0.0	39.20928	0.0	10.0	0.0	0.0	10.0
limax_pkpd_v42	bicarbonate	Irving1983	NaN	15	DOB	3.0	4.44	0.24235877904003764	63.2	0.0	0.0	0.0	39.20928	0.0	10.0	0.0	0.0	10.0
limax_pkpd_v42	bicarbonate	Irving1983	NaN	15	DOB	4.0	2.6133333333333333	0.18472000834095226	63.2	0.0	0.0	0.0	39.20928	0.0	10.0	0.0	0.0	10.0
limax_pkpd_v42	bicarbonate	Irving1983	NaN	15	DOB	5.0	1.5733333333333337	0.1974204012122729	63.2	0.0	0.0	0.0	39.20928	0.0	10.0	0.0	0.0	10.0
limax_pkpd_v42	bicarbonate	Irving1983	NaN	15	DOB	6.0	0.95	0.2117388328420966	63.2	0.0	0.0	0.0	39.20928	0.0	10.0	0.0	0.0	10.0
limax_pkpd_v42	bicarbonate	Barstow1990	NaN	6	DOB	0.01983333333333333	105.19	NaN	74.7	0.0	0.0	0.0	73.0	0.0	10.0	0.0	0.0	10.0
limax_pkpd_v42	bicarbonate	Barstow1990	NaN	6	DOB	0.05333333333333334	80.95	NaN	74.7	0.0	0.0	0.0	73.0	0.0	10.0	0.0	0.0	10.0
limax_pkpd_v42	bicarbonate	Barstow1990	NaN	6	DOB	0.08666666666666667	65.34	NaN	74.7	0.0	0.0	0.0	73.0	0.0	10.0	0.0	0.0	10.0
limax_pkpd_v42	bicarbonate	Barstow1990	NaN	6	DOB	0.11166666666666666	54.01	NaN	74.7	0.0	0.0	0.0	73.0	0.0	10.0	0.0	0.0	10.0
limax_pkpd_v42	bicarbonate	Barstow1990	NaN	6	DOB	0.1615	46.83	NaN	74.7	0.0	0.0	0.0	73.0	0.0	10.0	0.0	0.0	10.0
limax_pkpd_v42	bicarbonate	Barstow1990	NaN	6	DOB	0.2115	39.64	NaN	74.7	0.0	0.0	0.0	73.0	0.0	10.0	0.0	0.0	10.0
limax_pkpd_v42	bicarbonate	Barstow1990	NaN	6	DOB	0.2613333333333333	36.05	NaN	74.7	0.0	0.0	0.0	73.0	0.0	10.0	0.0	0.0	10.0
limax_pkpd_v42	bicarbonate	Barstow1990	NaN	6	DOB	0.361	30.53	NaN	74.7	0.0	0.0	0.0	73.0	0.0	10.0	0.0	0.0	10.0
limax_pkpd_v42	bicarbonate	Barstow1990	NaN	6	DOB	0.5438333333333334	24.08	NaN	74.7	0.0	0.0	0.0	73.0	0.0	10.0	0.0	0.0	10.0
limax_pkpd_v42	bicarbonate	Barstow1990	NaN	6	DOB	0.7513333333333333	19.46	NaN	74.7	0.0	0.0	0.0	73.0	0.0	10.0	0.0	0.0	10.0
limax_pkpd_v42	bicarbonate	Barstow1990	NaN	6	DOB	1.0171666666666668	15.73	NaN	74.7	0.0	0.0	0.0	73.0	0.0	10.0	0.0	0.0	10.0
limax_pkpd_v42	bicarbonate	Barstow1990	NaN	6	DOB	1.5070000000000001	11.85	NaN	74.7	0.0	0.0	0.0	73.0	0.0	10.0	0.0	0.0	10.0
limax_pkpd_v42	bicarbonate	Barstow1990	NaN	6	DOB	2.013333333333333	9.15	NaN	74.7	0.0	0.0	0.0	73.0	0.0	10.0	0.0	0.0	10.0
limax_pkpd_v42	bicarbonate	Barstow1990	NaN	6	DOB	3.0013333333333336	4.72	NaN	74.7	0.0	0.0	0.0	73.0	0.0	10.0	0.0	0.0	10.0
limax_pkpd_v42	bicarbonate	Barstow1990	NaN	6	DOB	3.5245	3.16	NaN	74.7	0.0	0.0	0.0	73.0	0.0	10.0	0.0	0.0	10.0
limax_pkpd_v42	bicarbonate	Barstow1990	NaN	6	DOB	3.9146666666666667	2.32	NaN	74.7	0.0	0.0	0.0	73.0	0.0	10.0	0.0	0.0	10.0
limax_pkpd_v42	bicarbonate	Meineke1993	D12.5_T1	10	P_CO2F	0.08333333333333333	2.93e-06	NaN	75.0	0.0	0.0	12.5	0.0	0.0	10.0	0.0	0.0	10.0
limax_pkpd_v42	bicarbonate	Meineke1993	D12.5_T1	10	P_CO2F	0.18333333333333332	4.52e-05	NaN	75.0	0.0	0.0	12.5	0.0	0.0	10.0	0.0	0.0	10.0
limax_pkpd_v42	bicarbonate	Meineke1993	D12.5_T1	10	P_CO2F	0.25	0.00010800000000000001	NaN	75.0	0.0	0.0	12.5	0.0	0.0	10.0	0.0	0.0	10.0
limax_pkpd_v42	bicarbonate	Meineke1993	D12.5_T1	10	P_CO2F	0.3333333333333333	0.00015900000000000002	NaN	75.0	0.0	0.0	12.5	0.0	0.0	10.0	0.0	0.0	10.0
limax_pkpd_v42	bicarbonate	Meineke1993	D12.5_T1	10	P_CO2F	0.4166666666666667	0.00015900000000000002	NaN	75.0	0.0	0.0	12.5	0.0	0.0	10.0	0.0	0.0	10.0
limax_pkpd_v42	bicarbonate	Meineke1993	D12.5_T1	10	P_CO2F	0.5166666666666667	0.000143	NaN	75.0	0.0	0.0	12.5	0.0	0.0	10.0	0.0	0.0	10.0
limax_pkpd_v42	bicarbonate	Meineke1993	D12.5_T1	10	P_CO2F	0.6666666666666666	0.000132	NaN	75.0	0.0	0.0	12.5	0.0	0.0	10.0	0.0	0.0	10.0
limax_pkpd_v42	bicarbonate	Meineke1993	D12.5_T1	10	P_CO2F	0.8333333333333334	0.000117	NaN	75.0	0.0	0.0	12.5	0.0	0.0	10.0	0.0	0.0	10.0
limax_pkpd_v42	bicarbonate	Meineke1993	D12.5_T1	10	P_CO2F	0.9833333333333333	0.00011	NaN	75.0	0.0	0.0	12.5	0.0	0.0	10.0	0.0	0.0	10.0
limax_pkpd_v42	bicarbonate	Meineke1993	D12.5_T1	10	P_CO2F	1.2666666666666666	8.56e-05	NaN	75.0	0.0	0.0	12.5	0.0	0.0	10.0	0.0	0.0	10.0
limax_pkpd_v42	bicarbonate	Meineke1993	D12.5_T1	10	P_CO2F	1.5166666666666666	7.209999999999999e-05	NaN	75.0	0.0	0.0	12.5	0.0	0.0	10.0	0.0	0.0	10.0
limax_pkpd_v42	bicarbonate	Meineke1993	D12.5_T1	10	P_CO2F	1.75	5.7100000000000006e-05	NaN	75.0	0.0	0.0	12.5	0.0	0.0	10.0	0.0	0.0	10.0
limax_pkpd_v42	bicarbonate	Meineke1993	D12.5_T1	10	P_CO2F	1.9833333333333334	4.52e-05	NaN	75.0	0.0	0.0	12.5	0.0	0.0	10.0	0.0	0.0	10.0
limax_pkpd_v42	bicarbonate	Meineke1993	D12.5_T1	10	P_CO2F	2.466666666666667	3.47e-05	NaN	75.0	0.0	0.0	12.5	0.0	0.0	10.0	0.0	0.0	10.0
limax_pkpd_v42	bicarbonate	Meineke1993	D12.5_T1	10	P_CO2F	3.0	2.47e-05	NaN	75.0	0.0	0.0	12.5	0.0	0.0	10.0	0.0	0.0	10.0
limax_pkpd_v42	bicarbonate	Meineke1993	D12.5_T1	10	P_CO2F	3.5	1.67e-05	NaN	75.0	0.0	0.0	12.5	0.0	0.0	10.0	0.0	0.0	10.0
limax_pkpd_v42	bicarbonate	Meineke1993	D12.5_T1	10	P_CO2F	3.9833333333333334	1.32e-05	NaN	75.0	0.0	0.0	12.5	0.0	0.0	10.0	0.0	0.0	10.0
limax_pkpd_v42	bicarbonate	Meineke1993	D25.0_T1	10	P_CO2F	0.06666666666666667	1.62e-06	NaN	75.0	0.0	0.0	25.0	0.0	0.0	10.0	0.0	0.0	10.0
limax_pkpd_v42	bicarbonate	Meineke1993	D25.0_T1	10	P_CO2F	0.18333333333333332	0.000225	NaN	75.0	0.0	0.0	25.0	0.0	0.0	10.0	0.0	0.0	10.0
limax_pkpd_v42	bicarbonate	Meineke1993	D25.0_T1	10	P_CO2F	0.21666666666666667	0.000528	NaN	75.0	0.0	0.0	25.0	0.0	0.0	10.0	0.0	0.0	10.0
limax_pkpd_v42	bicarbonate	Meineke1993	D25.0_T1	10	P_CO2F	0.3333333333333333	0.0005	NaN	75.0	0.0	0.0	25.0	0.0	0.0	10.0	0.0	0.0	10.0
limax_pkpd_v42	bicarbonate	Meineke1993	D25.0_T1	10	P_CO2F	0.4166666666666667	0.000459	NaN	75.0	0.0	0.0	25.0	0.0	0.0	10.0	0.0	0.0	10.0
limax_pkpd_v42	bicarbonate	Meineke1993	D25.0_T1	10	P_CO2F	0.48333333333333334	0.00036899999999999997	NaN	75.0	0.0	0.0	25.0	0.0	0.0	10.0	0.0	0.0	10.0
limax_pkpd_v42	bicarbonate	Meineke1993	D25.0_T1	10	P_CO2F	0.6833333333333333	0.00023199999999999997	NaN	75.0	0.0	0.0	25.0	0.0	0.0	10.0	0.0	0.0	10.0
limax_pkpd_v42	bicarbonate	Meineke1993	D25.0_T1	10	P_CO2F	0.85	0.00018899999999999999	NaN	75.0	0.0	0.0	25.0	0.0	0.0	10.0	0.0	0.0	10.0
limax_pkpd_v42	bicarbonate	Meineke1993	D25.0_T1	10	P_CO2F	0.9833333333333333	0.00016999999999999999	NaN	75.0	0.0	0.0	25.0	0.0	0.0	10.0	0.0	0.0	10.0
limax_pkpd_v42	bicarbonate	Meineke1993	D25.0_T1	10	P_CO2F	1.2666666666666666	0.000139	NaN	75.0	0.0	0.0	25.0	0.0	0.0	10.0	0.0	0.0	10.0
limax_pkpd_v42	bicarbonate	Meineke1993	D25.0_T1	10	P_CO2F	1.5166666666666666	0.00011499999999999999	NaN	75.0	0.0	0.0	25.0	0.0	0.0	10.0	0.0	0.0	10.0
limax_pkpd_v42	bicarbonate	Meineke1993	D25.0_T1	10	P_CO2F	1.7333333333333334	9.25e-05	NaN	75.0	0.0	0.0	25.0	0.0	0.0	10.0	0.0	0.0	10.0
limax_pkpd_v42	bicarbonate	Meineke1993	D25.0_T1	10	P_CO2F	1.9666666666666666	7.8e-05	NaN	75.0	0.0	0.0	25.0	0.0	0.0	10.0	0.0	0.0	10.0
limax_pkpd_v42	bicarbonate	Meineke1993	D25.0_T1	10	P_CO2F	2.466666666666667	5.8899999999999995e-05	NaN	75.0	0.0	0.0	25.0	0.0	0.0	10.0	0.0	0.0	10.0
limax_pkpd_v42	bicarbonate	Meineke1993	D25.0_T1	10	P_CO2F	2.95	4.6700000000000003e-05	NaN	75.0	0.0	0.0	25.0	0.0	0.0	10.0	0.0	0.0	10.0
limax_pkpd_v42	bicarbonate	Meineke1993	D25.0_T1	10	P_CO2F	3.5	3.37e-05	NaN	75.0	0.0	0.0	25.0	0.0	0.0	10.0	0.0	0.0	10.0
limax_pkpd_v42	bicarbonate	Meineke1993	D25.0_T1	10	P_CO2F	4.0	2.47e-05	NaN	75.0	0.0	0.0	25.0	0.0	0.0	10.0	0.0	0.0	10.0
limax_pkpd_v42	bicarbonate	Meineke1993	D25.0_T2	10	P_CO2F	0.08333333333333333	5.89e-06	NaN	75.0	0.0	0.0	25.0	0.0	0.0	10.0	0.0	0.0	10.0
limax_pkpd_v42	bicarbonate	Meineke1993	D25.0_T2	10	P_CO2F	0.16666666666666666	0.00040599999999999995	NaN	75.0	0.0	0.0	25.0	0.0	0.0	10.0	0.0	0.0	10.0
limax_pkpd_v42	bicarbonate	Meineke1993	D25.0_T2	10	P_CO2F	0.23333333333333334	0.000459	NaN	75.0	0.0	0.0	25.0	0.0	0.0	10.0	0.0	0.0	10.0
limax_pkpd_v42	bicarbonate	Meineke1993	D25.0_T2	10	P_CO2F	0.36666666666666664	0.000528	NaN	75.0	0.0	0.0	25.0	0.0	0.0	10.0	0.0	0.0	10.0
limax_pkpd_v42	bicarbonate	Meineke1993	D25.0_T2	10	P_CO2F	0.43333333333333335	0.00047400000000000003	NaN	75.0	0.0	0.0	25.0	0.0	0.0	10.0	0.0	0.0	10.0
limax_pkpd_v42	bicarbonate	Meineke1993	D25.0_T2	10	P_CO2F	0.5166666666666667	0.00044500000000000003	NaN	75.0	0.0	0.0	25.0	0.0	0.0	10.0	0.0	0.0	10.0
limax_pkpd_v42	bicarbonate	Meineke1993	D25.0_T2	10	P_CO2F	0.65	0.000321	NaN	75.0	0.0	0.0	25.0	0.0	0.0	10.0	0.0	0.0	10.0
limax_pkpd_v42	bicarbonate	Meineke1993	D25.0_T2	10	P_CO2F	0.8333333333333334	0.00024700000000000004	NaN	75.0	0.0	0.0	25.0	0.0	0.0	10.0	0.0	0.0	10.0
limax_pkpd_v42	bicarbonate	Meineke1993	D25.0_T2	10	P_CO2F	1.0166666666666666	0.00020800000000000001	NaN	75.0	0.0	0.0	25.0	0.0	0.0	10.0	0.0	0.0	10.0
limax_pkpd_v42	bicarbonate	Meineke1993	D25.0_T2	10	P_CO2F	1.25	0.000172	NaN	75.0	0.0	0.0	25.0	0.0	0.0	10.0	0.0	0.0	10.0
limax_pkpd_v42	bicarbonate	Meineke1993	D25.0_T2	10	P_CO2F	1.4833333333333334	0.000145	NaN	75.0	0.0	0.0	25.0	0.0	0.0	10.0	0.0	0.0	10.0
limax_pkpd_v42	bicarbonate	Meineke1993	D25.0_T2	10	P_CO2F	1.7333333333333334	0.000121	NaN	75.0	0.0	0.0	25.0	0.0	0.0	10.0	0.0	0.0	10.0
limax_pkpd_v42	bicarbonate	Meineke1993	D25.0_T2	10	P_CO2F	2.0	0.000103	NaN	75.0	0.0	0.0	25.0	0.0	0.0	10.0	0.0	0.0	10.0
limax_pkpd_v42	bicarbonate	Meineke1993	D25.0_T2	10	P_CO2F	2.4833333333333334	8.04e-05	NaN	75.0	0.0	0.0	25.0	0.0	0.0	10.0	0.0	0.0	10.0
limax_pkpd_v42	bicarbonate	Meineke1993	D25.0_T2	10	P_CO2F	3.0	6.37e-05	NaN	75.0	0.0	0.0	25.0	0.0	0.0	10.0	0.0	0.0	10.0
limax_pkpd_v42	bicarbonate	Meineke1993	D25.0_T2	10	P_CO2F	3.5	4.52e-05	NaN	75.0	0.0	0.0	25.0	0.0	0.0	10.0	0.0	0.0	10.0
limax_pkpd_v42	bicarbonate	Meineke1993	D25.0_T2	10	P_CO2F	4.016666666666667	3.69e-05	NaN	75.0	0.0	0.0	25.0	0.0	0.0	10.0	0.0	0.0	10.0
limax_pkpd_v42	bicarbonate	Meineke1993	D50.0_T1	10	P_CO2F	0.08333333333333333	2.84e-06	NaN	75.0	0.0	0.0	50.0	0.0	0.0	10.0	0.0	0.0	10.0
limax_pkpd_v42	bicarbonate	Meineke1993	D50.0_T1	10	P_CO2F	0.16666666666666666	0.000481	NaN	75.0	0.0	0.0	50.0	0.0	0.0	10.0	0.0	0.0	10.0
limax_pkpd_v42	bicarbonate	Meineke1993	D50.0_T1	10	P_CO2F	0.26666666666666666	0.0009400000000000001	NaN	75.0	0.0	0.0	50.0	0.0	0.0	10.0	0.0	0.0	10.0
limax_pkpd_v42	bicarbonate	Meineke1993	D50.0_T1	10	P_CO2F	0.3333333333333333	0.00105	NaN	75.0	0.0	0.0	50.0	0.0	0.0	10.0	0.0	0.0	10.0
limax_pkpd_v42	bicarbonate	Meineke1993	D50.0_T1	10	P_CO2F	0.4166666666666667	0.0009539999999999999	NaN	75.0	0.0	0.0	50.0	0.0	0.0	10.0	0.0	0.0	10.0
limax_pkpd_v42	bicarbonate	Meineke1993	D50.0_T1	10	P_CO2F	0.5166666666666667	0.0008039999999999999	NaN	75.0	0.0	0.0	50.0	0.0	0.0	10.0	0.0	0.0	10.0
limax_pkpd_v42	bicarbonate	Meineke1993	D50.0_T1	10	P_CO2F	0.65	0.000843	NaN	75.0	0.0	0.0	50.0	0.0	0.0	10.0	0.0	0.0	10.0
limax_pkpd_v42	bicarbonate	Meineke1993	D50.0_T1	10	P_CO2F	0.85	0.000545	NaN	75.0	0.0	0.0	50.0	0.0	0.0	10.0	0.0	0.0	10.0
limax_pkpd_v42	bicarbonate	Meineke1993	D50.0_T1	10	P_CO2F	1.0	0.00046699999999999997	NaN	75.0	0.0	0.0	50.0	0.0	0.0	10.0	0.0	0.0	10.0
limax_pkpd_v42	bicarbonate	Meineke1993	D50.0_T1	10	P_CO2F	1.25	0.000381	NaN	75.0	0.0	0.0	50.0	0.0	0.0	10.0	0.0	0.0	10.0
limax_pkpd_v42	bicarbonate	Meineke1993	D50.0_T1	10	P_CO2F	1.5	0.000307	NaN	75.0	0.0	0.0	50.0	0.0	0.0	10.0	0.0	0.0	10.0
limax_pkpd_v42	bicarbonate	Meineke1993	D50.0_T1	10	P_CO2F	1.75	0.00024700000000000004	NaN	75.0	0.0	0.0	50.0	0.0	0.0	10.0	0.0	0.0	10.0
limax_pkpd_v42	bicarbonate	Meineke1993	D50.0_T1	10	P_CO2F	2.0	0.000225	NaN	75.0	0.0	0.0	50.0	0.0	0.0	10.0	0.0	0.0	10.0
limax_pkpd_v42	bicarbonate	Meineke1993	D50.0_T1	10	P_CO2F	2.4833333333333334	0.000165	NaN	75.0	0.0	0.0	50.0	0.0	0.0	10.0	0.0	0.0	10.0
limax_pkpd_v42	bicarbonate	Meineke1993	D50.0_T1	10	P_CO2F	2.9833333333333334	0.000122	NaN	75.0	0.0	0.0	50.0	0.0	0.0	10.0	0.0	0.0	10.0
limax_pkpd_v42	bicarbonate	Meineke1993	D50.0_T1	10	P_CO2F	3.4833333333333334	8.170000000000001e-05	NaN	75.0	0.0	0.0	50.0	0.0	0.0	10.0	0.0	0.0	10.0
limax_pkpd_v42	bicarbonate	Meineke1993	D50.0_T1	10	P_CO2F	4.016666666666667	6.57e-05	NaN	75.0	0.0	0.0	50.0	0.0	0.0	10.0	0.0	0.0	10.0
limax_pkpd_v42	bicarbonate	Meineke1993	D100.0_T1	10	P_CO2F	0.06666666666666667	1.21e-05	NaN	75.0	0.0	0.0	100.0	0.0	0.0	10.0	0.0	0.0	10.0
limax_pkpd_v42	bicarbonate	Meineke1993	D100.0_T1	10	P_CO2F	0.16666666666666666	0.000617	NaN	75.0	0.0	0.0	100.0	0.0	0.0	10.0	0.0	0.0	10.0
limax_pkpd_v42	bicarbonate	Meineke1993	D100.0_T1	10	P_CO2F	0.26666666666666666	0.00119	NaN	75.0	0.0	0.0	100.0	0.0	0.0	10.0	0.0	0.0	10.0
limax_pkpd_v42	bicarbonate	Meineke1993	D100.0_T1	10	P_CO2F	0.31666666666666665	0.0018899999999999998	NaN	75.0	0.0	0.0	100.0	0.0	0.0	10.0	0.0	0.0	10.0
limax_pkpd_v42	bicarbonate	Meineke1993	D100.0_T1	10	P_CO2F	0.43333333333333335	0.00218	NaN	75.0	0.0	0.0	100.0	0.0	0.0	10.0	0.0	0.0	10.0
limax_pkpd_v42	bicarbonate	Meineke1993	D100.0_T1	10	P_CO2F	0.48333333333333334	0.0020800000000000003	NaN	75.0	0.0	0.0	100.0	0.0	0.0	10.0	0.0	0.0	10.0
limax_pkpd_v42	bicarbonate	Meineke1993	D100.0_T1	10	P_CO2F	0.6666666666666666	0.00126	NaN	75.0	0.0	0.0	100.0	0.0	0.0	10.0	0.0	0.0	10.0
limax_pkpd_v42	bicarbonate	Meineke1993	D100.0_T1	10	P_CO2F	0.85	0.0009689999999999999	NaN	75.0	0.0	0.0	100.0	0.0	0.0	10.0	0.0	0.0	10.0
limax_pkpd_v42	bicarbonate	Meineke1993	D100.0_T1	10	P_CO2F	1.0166666666666666	0.0008560000000000001	NaN	75.0	0.0	0.0	100.0	0.0	0.0	10.0	0.0	0.0	10.0
limax_pkpd_v42	bicarbonate	Meineke1993	D100.0_T1	10	P_CO2F	1.25	0.000699	NaN	75.0	0.0	0.0	100.0	0.0	0.0	10.0	0.0	0.0	10.0
limax_pkpd_v42	bicarbonate	Meineke1993	D100.0_T1	10	P_CO2F	1.5	0.000571	NaN	75.0	0.0	0.0	100.0	0.0	0.0	10.0	0.0	0.0	10.0
limax_pkpd_v42	bicarbonate	Meineke1993	D100.0_T1	10	P_CO2F	1.7333333333333334	0.000504	NaN	75.0	0.0	0.0	100.0	0.0	0.0	10.0	0.0	0.0	10.0
limax_pkpd_v42	bicarbonate	Meineke1993	D100.0_T1	10	P_CO2F	1.9833333333333334	0.000412	NaN	75.0	0.0	0.0	100.0	0.0	0.0	10.0	0.0	0.0	10.0
limax_pkpd_v42	bicarbonate	Meineke1993	D100.0_T1	10	P_CO2F	2.466666666666667	0.000293	NaN	75.0	0.0	0.0	100.0	0.0	0.0	10.0	0.0	0.0	10.0
limax_pkpd_v42	bicarbonate	Meineke1993	D100.0_T1	10	P_CO2F	3.0	0.00023500000000000002	NaN	75.0	0.0	0.0	100.0	0.0	0.0	10.0	0.0	0.0	10.0
limax_pkpd_v42	bicarbonate	Meineke1993	D100.0_T1	10	P_CO2F	3.466666666666667	0.000175	NaN	75.0	0.0	0.0	100.0	0.0	0.0	10.0	0.0	0.0	10.0
limax_pkpd_v42	bicarbonate	Meineke1993	D100.0_T1	10	P_CO2F	3.9833333333333334	0.000139	NaN	75.0	0.0	0.0	100.0	0.0	0.0	10.0	0.0	0.0	10.0
limax_pkpd_v42	bicarbonate	Leijssen1996	NaN	18	cum_rec_co2c13	1.0	23.82	3.12	75.0	0.0	0.0	0.0	0.0	1.0	10.0	0.0	0.0	10.0
limax_pkpd_v42	bicarbonate	Leijssen1996	NaN	18	cum_rec_co2c13	2.0	51.99	2.99	75.0	0.0	0.0	0.0	0.0	1.0	10.0	0.0	0.0	10.0
limax_pkpd_v42	bicarbonate	Leijssen1996	NaN	18	cum_rec_co2c13	3.0	62.88	3.27	75.0	0.0	0.0	0.0	0.0	1.0	10.0	0.0	0.0	10.0
limax_pkpd_v42	bicarbonate	Leijssen1996	NaN	18	cum_rec_co2c13	4.0	78.14	2.46	75.0	0.0	0.0	0.0	0.0	1.0	10.0	0.0	0.0	10.0
limax_pkpd_v42	bicarbonate	Leijssen1996	NaN	18	cum_rec_co2c13	5.0	79.82	2.61	75.0	0.0	0.0	0.0	0.0	1.0	10.0	0.0	0.0	10.0
limax_pkpd_v42	bicarbonate	Leijssen1996	NaN	18	cum_rec_co2c13	6.0	84.73	1.64	75.0	0.0	0.0	0.0	0.0	1.0	10.0	0.0	0.0	10.0
limax_pkpd_v42	bicarbonate	Leijssen1996	NaN	18	cum_rec_co2c13	7.0	86.01	1.68	75.0	0.0	0.0	0.0	0.0	1.0	10.0	0.0	0.0	10.0
limax_pkpd_v42	bicarbonate	Leijssen1996	NaN	18	cum_rec_co2c13	8.0	86.97	2.63	75.0	0.0	0.0	0.0	0.0	1.0	10.0	0.0	0.0	10.0
limax_pkpd_v42	bicarbonate	Leijssen1996	NaN	18	cum_rec_co2c13	9.0	84.69	1.5	75.0	0.0	0.0	0.0	0.0	1.0	10.0	0.0	0.0	10.0
limax_pkpd_v42	bicarbonate	Leijssen1996	NaN	18	cum_rec_co2c13	10.0	92.03	2.15	75.0	0.0	0.0	0.0	0.0	1.0	10.0	0.0	0.0	10.0
limax_pkpd_v42	bicarbonate	Leijssen1996	NaN	18	cum_rec_co2c13	11.0	95.97	1.88	75.0	0.0	0.0	0.0	0.0	1.0	10.0	0.0	0.0	10.0
limax_pkpd_v42	bicarbonate	Leijssen1996	NaN	18	cum_rec_co2c13	12.0	93.22	1.33	75.0	0.0	0.0	0.0	0.0	1.0	10.0	0.0	0.0	10.0
limax_pkpd_v42	bicarbonate	Fuller2000	C13	6	cum_rec_co2c13	1.0	24.9	1.8	76.7	0.0	0.0	0.0	0.0	0.79	10.0	0.0	0.0	10.0
limax_pkpd_v42	bicarbonate	Fuller2000	C13	6	cum_rec_co2c13	2.0	62.0	4.7	76.7	0.0	0.0	0.0	0.0	0.79	10.0	0.0	0.0	10.0
limax_pkpd_v42	bicarbonate	Fuller2000	C13	6	cum_rec_co2c13	3.0	78.4	5.9	76.7	0.0	0.0	0.0	0.0	0.79	10.0	0.0	0.0	10.0
limax_pkpd_v42	bicarbonate	Fuller2000	C13	6	cum_rec_co2c13	4.0	88.9	2.3	76.7	0.0	0.0	0.0	0.0	0.79	10.0	0.0	0.0	10.0
limax_pkpd_v42	bicarbonate	Fuller2000	C13	6	cum_rec_co2c13	5.0	92.7	3.0	76.7	0.0	0.0	0.0	0.0	0.79	10.0	0.0	0.0	10.0
limax_pkpd_v42	bicarbonate	Fuller2000	C13	6	cum_rec_co2c13	6.0	90.0	5.8	76.7	0.0	0.0	0.0	0.0	0.79	10.0	0.0	0.0	10.0
limax_pkpd_v42	bicarbonate	Fuller2000	C14	6	cum_rec_co2c13	1.0	24.7	1.9	76.7	0.0	0.0	0.0	0.0	0.79	10.0	0.0	0.0	10.0
limax_pkpd_v42	bicarbonate	Fuller2000	C14	6	cum_rec_co2c13	2.0	61.4	4.8	76.7	0.0	0.0	0.0	0.0	0.79	10.0	0.0	0.0	10.0
limax_pkpd_v42	bicarbonate	Fuller2000	C14	6	cum_rec_co2c13	3.0	77.6	5.8	76.7	0.0	0.0	0.0	0.0	0.79	10.0	0.0	0.0	10.0
limax_pkpd_v42	bicarbonate	Fuller2000	C14	6	cum_rec_co2c13	4.0	88.3	2.3	76.7	0.0	0.0	0.0	0.0	0.79	10.0	0.0	0.0	10.0
limax_pkpd_v42	bicarbonate	Fuller2000	C14	6	cum_rec_co2c13	5.0	92.1	3.3	76.7	0.0	0.0	0.0	0.0	0.79	10.0	0.0	0.0	10.0
limax_pkpd_v42	bicarbonate	Fuller2000	C14	6	cum_rec_co2c13	6.0	89.3	4.9	76.7	0.0	0.0	0.0	0.0	0.79	10.0	0.0	0.0	10.0
limax_pkpd_v42	methacetin	Kasicka-Jonderko2008	young	12	mom_rec_metc13	0.0	0.0	0.32	69.6	0.0	0.0	0.0	0.0	0.0	10.0	75.0	0.0	10.0
limax_pkpd_v42	methacetin	Kasicka-Jonderko2008	young	12	mom_rec_metc13	0.05	4.11	0.43	69.6	0.0	0.0	0.0	0.0	0.0	10.0	75.0	0.0	10.0
limax_pkpd_v42	methacetin	Kasicka-Jonderko2008	young	12	mom_rec_metc13	0.1	15.07	1.63	69.6	0.0	0.0	0.0	0.0	0.0	10.0	75.0	0.0	10.0
limax_pkpd_v42	methacetin	Kasicka-Jonderko2008	young	12	mom_rec_metc13	0.15	22.73	2.59	69.6	0.0	0.0	0.0	0.0	0.0	10.0	75.0	0.0	10.0
limax_pkpd_v42	methacetin	Kasicka-Jonderko2008	young	12	mom_rec_metc13	0.2	29.93	3.3	69.6	0.0	0.0	0.0	0.0	0.0	10.0	75.0	0.0	10.0
limax_pkpd_v42	methacetin	Kasicka-Jonderko2008	young	12	mom_rec_metc13	0.25	33.02	2.84	69.6	0.0	0.0	0.0	0.0	0.0	10.0	75.0	0.0	10.0
limax_pkpd_v42	methacetin	Kasicka-Jonderko2008	young	12	mom_rec_metc13	0.3	32.56	2.27	69.6	0.0	0.0	0.0	0.0	0.0	10.0	75.0	0.0	10.0
limax_pkpd_v42	methacetin	Kasicka-Jonderko2008	young	12	mom_rec_metc13	0.35	29.61	1.67	69.6	0.0	0.0	0.0	0.0	0.0	10.0	75.0	0.0	10.0
limax_pkpd_v42	methacetin	Kasicka-Jonderko2008	young	12	mom_rec_metc13	0.4	29.26	1.21	69.6	0.0	0.0	0.0	0.0	0.0	10.0	75.0	0.0	10.0
limax_pkpd_v42	methacetin	Kasicka-Jonderko2008	young	12	mom_rec_metc13	0.45	27.84	1.06	69.6	0.0	0.0	0.0	0.0	0.0	10.0	75.0	0.0	10.0
limax_pkpd_v42	methacetin	Kasicka-Jonderko2008	young	12	mom_rec_metc13	0.5	25.75	0.96	69.6	0.0	0.0	0.0	0.0	0.0	10.0	75.0	0.0	10.0
limax_pkpd_v42	methacetin	Kasicka-Jonderko2008	young	12	mom_rec_metc13	0.6666666666666666	21.25	0.82	69.6	0.0	0.0	0.0	0.0	0.0	10.0	75.0	0.0	10.0
limax_pkpd_v42	methacetin	Kasicka-Jonderko2008	young	12	mom_rec_metc13	0.8333333333333334	18.09	0.67	69.6	0.0	0.0	0.0	0.0	0.0	10.0	75.0	0.0	10.0
limax_pkpd_v42	methacetin	Kasicka-Jonderko2008	young	12	mom_rec_metc13	1.0	15.65	0.6	69.6	0.0	0.0	0.0	0.0	0.0	10.0	75.0	0.0	10.0
limax_pkpd_v42	methacetin	Kasicka-Jonderko2008	young	12	mom_rec_metc13	1.25	12.78	0.46	69.6	0.0	0.0	0.0	0.0	0.0	10.0	75.0	0.0	10.0
limax_pkpd_v42	methacetin	Kasicka-Jonderko2008	young	12	mom_rec_metc13	1.5	10.83	0.39	69.6	0.0	0.0	0.0	0.0	0.0	10.0	75.0	0.0	10.0
limax_pkpd_v42	methacetin	Kasicka-Jonderko2008	young	12	mom_rec_metc13	1.75	9.45	0.43	69.6	0.0	0.0	0.0	0.0	0.0	10.0	75.0	0.0	10.0
limax_pkpd_v42	methacetin	Kasicka-Jonderko2008	young	12	mom_rec_metc13	2.0	8.29	0.46	69.6	0.0	0.0	0.0	0.0	0.0	10.0	75.0	0.0	10.0
limax_pkpd_v42	methacetin	Kasicka-Jonderko2008	young	12	mom_rec_metc13	2.5	6.59	0.35	69.6	0.0	0.0	0.0	0.0	0.0	10.0	75.0	0.0	10.0
limax_pkpd_v42	methacetin	Kasicka-Jonderko2008	young	12	mom_rec_metc13	3.0	5.5	0.35	69.6	0.0	0.0	0.0	0.0	0.0	10.0	75.0	0.0	10.0
limax_pkpd_v42	methacetin	Kasicka-Jonderko2008	young	12	cum_rec_metc13	0.0	0.0	0.25	69.6	0.0	0.0	0.0	0.0	0.0	10.0	75.0	0.0	10.0
limax_pkpd_v42	methacetin	Kasicka-Jonderko2008	young	12	cum_rec_metc13	0.05	0.21	0.25	69.6	0.0	0.0	0.0	0.0	0.0	10.0	75.0	0.0	10.0
limax_pkpd_v42	methacetin	Kasicka-Jonderko2008	young	12	cum_rec_metc13	0.1	0.63	0.3	69.6	0.0	0.0	0.0	0.0	0.0	10.0	75.0	0.0	10.0
limax_pkpd_v42	methacetin	Kasicka-Jonderko2008	young	12	cum_rec_metc13	0.15	1.52	0.38	69.6	0.0	0.0	0.0	0.0	0.0	10.0	75.0	0.0	10.0
limax_pkpd_v42	methacetin	Kasicka-Jonderko2008	young	12	cum_rec_metc13	0.2	2.84	0.3	69.6	0.0	0.0	0.0	0.0	0.0	10.0	75.0	0.0	10.0
limax_pkpd_v42	methacetin	Kasicka-Jonderko2008	young	12	cum_rec_metc13	0.25	4.44	0.51	69.6	0.0	0.0	0.0	0.0	0.0	10.0	75.0	0.0	10.0
limax_pkpd_v42	methacetin	Kasicka-Jonderko2008	young	12	cum_rec_metc13	0.3	6.14	0.72	69.6	0.0	0.0	0.0	0.0	0.0	10.0	75.0	0.0	10.0
limax_pkpd_v42	methacetin	Kasicka-Jonderko2008	young	12	cum_rec_metc13	0.35	7.83	1.02	69.6	0.0	0.0	0.0	0.0	0.0	10.0	75.0	0.0	10.0
limax_pkpd_v42	methacetin	Kasicka-Jonderko2008	young	12	cum_rec_metc13	0.4	9.19	0.85	69.6	0.0	0.0	0.0	0.0	0.0	10.0	75.0	0.0	10.0
limax_pkpd_v42	methacetin	Kasicka-Jonderko2008	young	12	cum_rec_metc13	0.45	10.58	0.93	69.6	0.0	0.0	0.0	0.0	0.0	10.0	75.0	0.0	10.0
limax_pkpd_v42	methacetin	Kasicka-Jonderko2008	young	12	cum_rec_metc13	0.5	11.81	0.76	69.6	0.0	0.0	0.0	0.0	0.0	10.0	75.0	0.0	10.0
limax_pkpd_v42	methacetin	Kasicka-Jonderko2008	young	12	cum_rec_metc13	0.6666666666666666	15.71	0.72	69.6	0.0	0.0	0.0	0.0	0.0	10.0	75.0	0.0	10.0
limax_pkpd_v42	methacetin	Kasicka-Jonderko2008	young	12	cum_rec_metc13	0.8333333333333334	19.05	0.8	69.6	0.0	0.0	0.0	0.0	0.0	10.0	75.0	0.0	10.0
limax_pkpd_v42	methacetin	Kasicka-Jonderko2008	young	12	cum_rec_metc13	1.0	21.93	0.93	69.6	0.0	0.0	0.0	0.0	0.0	10.0	75.0	0.0	10.0
limax_pkpd_v42	methacetin	Kasicka-Jonderko2008	young	12	cum_rec_metc13	1.25	25.4	0.8	69.6	0.0	0.0	0.0	0.0	0.0	10.0	75.0	0.0	10.0
limax_pkpd_v42	methacetin	Kasicka-Jonderko2008	young	12	cum_rec_metc13	1.5	28.32	0.8	69.6	0.0	0.0	0.0	0.0	0.0	10.0	75.0	0.0	10.0
limax_pkpd_v42	methacetin	Kasicka-Jonderko2008	young	12	cum_rec_metc13	1.75	30.82	0.85	69.6	0.0	0.0	0.0	0.0	0.0	10.0	75.0	0.0	10.0
limax_pkpd_v42	methacetin	Kasicka-Jonderko2008	young	12	cum_rec_metc13	2.0	33.02	0.89	69.6	0.0	0.0	0.0	0.0	0.0	10.0	75.0	0.0	10.0
limax_pkpd_v42	methacetin	Kasicka-Jonderko2008	young	12	cum_rec_metc13	2.5	36.79	0.97	69.6	0.0	0.0	0.0	0.0	0.0	10.0	75.0	0.0	10.0
limax_pkpd_v42	methacetin	Kasicka-Jonderko2008	young	12	cum_rec_metc13	3.0	39.75	1.02	69.6	0.0	0.0	0.0	0.0	0.0	10.0	75.0	0.0	10.0
limax_pkpd_v42	methacetin	Kasicka-Jonderko2008	middle-aged	12	mom_rec_metc13	0.0	0.0	0.25	67.9	0.0	0.0	0.0	0.0	0.0	10.0	75.0	0.0	10.0
limax_pkpd_v42	methacetin	Kasicka-Jonderko2008	middle-aged	12	mom_rec_metc13	0.05	3.44	0.5	67.9	0.0	0.0	0.0	0.0	0.0	10.0	75.0	0.0	10.0
limax_pkpd_v42	methacetin	Kasicka-Jonderko2008	middle-aged	12	mom_rec_metc13	0.1	13.76	1.67	67.9	0.0	0.0	0.0	0.0	0.0	10.0	75.0	0.0	10.0
limax_pkpd_v42	methacetin	Kasicka-Jonderko2008	middle-aged	12	mom_rec_metc13	0.15	23.16	2.23	67.9	0.0	0.0	0.0	0.0	0.0	10.0	75.0	0.0	10.0
limax_pkpd_v42	methacetin	Kasicka-Jonderko2008	middle-aged	12	mom_rec_metc13	0.2	29.79	2.94	67.9	0.0	0.0	0.0	0.0	0.0	10.0	75.0	0.0	10.0
limax_pkpd_v42	methacetin	Kasicka-Jonderko2008	middle-aged	12	mom_rec_metc13	0.25	36.07	2.45	67.9	0.0	0.0	0.0	0.0	0.0	10.0	75.0	0.0	10.0
limax_pkpd_v42	methacetin	Kasicka-Jonderko2008	middle-aged	12	mom_rec_metc13	0.3	36.71	1.99	67.9	0.0	0.0	0.0	0.0	0.0	10.0	75.0	0.0	10.0
limax_pkpd_v42	methacetin	Kasicka-Jonderko2008	middle-aged	12	mom_rec_metc13	0.35	35.08	1.6	67.9	0.0	0.0	0.0	0.0	0.0	10.0	75.0	0.0	10.0
limax_pkpd_v42	methacetin	Kasicka-Jonderko2008	middle-aged	12	mom_rec_metc13	0.4	33.13	1.06	67.9	0.0	0.0	0.0	0.0	0.0	10.0	75.0	0.0	10.0
limax_pkpd_v42	methacetin	Kasicka-Jonderko2008	middle-aged	12	mom_rec_metc13	0.45	31.88	0.89	67.9	0.0	0.0	0.0	0.0	0.0	10.0	75.0	0.0	10.0
limax_pkpd_v42	methacetin	Kasicka-Jonderko2008	middle-aged	12	mom_rec_metc13	0.5	29.97	0.74	67.9	0.0	0.0	0.0	0.0	0.0	10.0	75.0	0.0	10.0
limax_pkpd_v42	methacetin	Kasicka-Jonderko2008	middle-aged	12	mom_rec_metc13	0.6666666666666666	23.23	0.6	67.9	0.0	0.0	0.0	0.0	0.0	10.0	75.0	0.0	10.0
limax_pkpd_v42	methacetin	Kasicka-Jonderko2008	middle-aged	12	mom_rec_metc13	0.8333333333333334	19.73	0.46	67.9	0.0	0.0	0.0	0.0	0.0	10.0	75.0	0.0	10.0
limax_pkpd_v42	methacetin	Kasicka-Jonderko2008	middle-aged	12	mom_rec_metc13	1.0	17.25	0.35	67.9	0.0	0.0	0.0	0.0	0.0	10.0	75.0	0.0	10.0
limax_pkpd_v42	methacetin	Kasicka-Jonderko2008	middle-aged	12	mom_rec_metc13	1.25	14.48	0.53	67.9	0.0	0.0	0.0	0.0	0.0	10.0	75.0	0.0	10.0
limax_pkpd_v42	methacetin	Kasicka-Jonderko2008	middle-aged	12	mom_rec_metc13	1.5	12.22	0.46	67.9	0.0	0.0	0.0	0.0	0.0	10.0	75.0	0.0	10.0
limax_pkpd_v42	methacetin	Kasicka-Jonderko2008	middle-aged	12	mom_rec_metc13	1.75	10.8	0.28	67.9	0.0	0.0	0.0	0.0	0.0	10.0	75.0	0.0	10.0
limax_pkpd_v42	methacetin	Kasicka-Jonderko2008	middle-aged	12	mom_rec_metc13	2.0	9.63	0.28	67.9	0.0	0.0	0.0	0.0	0.0	10.0	75.0	0.0	10.0
limax_pkpd_v42	methacetin	Kasicka-Jonderko2008	middle-aged	12	mom_rec_metc13	2.5	7.72	0.39	67.9	0.0	0.0	0.0	0.0	0.0	10.0	75.0	0.0	10.0
limax_pkpd_v42	methacetin	Kasicka-Jonderko2008	middle-aged	12	mom_rec_metc13	3.0	6.31	0.39	67.9	0.0	0.0	0.0	0.0	0.0	10.0	75.0	0.0	10.0
limax_pkpd_v42	methacetin	Kasicka-Jonderko2008	middle-aged	12	cum_rec_metc13	0.0	0.0	0.25	67.9	0.0	0.0	0.0	0.0	0.0	10.0	75.0	0.0	10.0
limax_pkpd_v42	methacetin	Kasicka-Jonderko2008	middle-aged	12	cum_rec_metc13	0.05	0.08	0.42	67.9	0.0	0.0	0.0	0.0	0.0	10.0	75.0	0.0	10.0
limax_pkpd_v42	methacetin	Kasicka-Jonderko2008	middle-aged	12	cum_rec_metc13	0.1	0.55	0.42	67.9	0.0	0.0	0.0	0.0	0.0	10.0	75.0	0.0	10.0
limax_pkpd_v42	methacetin	Kasicka-Jonderko2008	middle-aged	12	cum_rec_metc13	0.15	1.52	0.38	67.9	0.0	0.0	0.0	0.0	0.0	10.0	75.0	0.0	10.0
limax_pkpd_v42	methacetin	Kasicka-Jonderko2008	middle-aged	12	cum_rec_metc13	0.2	2.79	0.42	67.9	0.0	0.0	0.0	0.0	0.0	10.0	75.0	0.0	10.0
limax_pkpd_v42	methacetin	Kasicka-Jonderko2008	middle-aged	12	cum_rec_metc13	0.25	4.4	0.51	67.9	0.0	0.0	0.0	0.0	0.0	10.0	75.0	0.0	10.0
limax_pkpd_v42	methacetin	Kasicka-Jonderko2008	middle-aged	12	cum_rec_metc13	0.3	6.35	0.38	67.9	0.0	0.0	0.0	0.0	0.0	10.0	75.0	0.0	10.0
limax_pkpd_v42	methacetin	Kasicka-Jonderko2008	middle-aged	12	cum_rec_metc13	0.35	8.04	0.59	67.9	0.0	0.0	0.0	0.0	0.0	10.0	75.0	0.0	10.0
limax_pkpd_v42	methacetin	Kasicka-Jonderko2008	middle-aged	12	cum_rec_metc13	0.4	9.78	0.55	67.9	0.0	0.0	0.0	0.0	0.0	10.0	75.0	0.0	10.0
limax_pkpd_v42	methacetin	Kasicka-Jonderko2008	middle-aged	12	cum_rec_metc13	0.45	11.43	0.68	67.9	0.0	0.0	0.0	0.0	0.0	10.0	75.0	0.0	10.0
limax_pkpd_v42	methacetin	Kasicka-Jonderko2008	middle-aged	12	cum_rec_metc13	0.5	12.91	0.63	67.9	0.0	0.0	0.0	0.0	0.0	10.0	75.0	0.0	10.0
limax_pkpd_v42	methacetin	Kasicka-Jonderko2008	middle-aged	12	cum_rec_metc13	0.6666666666666666	17.31	0.68	67.9	0.0	0.0	0.0	0.0	0.0	10.0	75.0	0.0	10.0
limax_pkpd_v42	methacetin	Kasicka-Jonderko2008	middle-aged	12	cum_rec_metc13	0.8333333333333334	21.0	0.55	67.9	0.0	0.0	0.0	0.0	0.0	10.0	75.0	0.0	10.0
limax_pkpd_v42	methacetin	Kasicka-Jonderko2008	middle-aged	12	cum_rec_metc13	1.0	24.0	0.63	67.9	0.0	0.0	0.0	0.0	0.0	10.0	75.0	0.0	10.0
limax_pkpd_v42	methacetin	Kasicka-Jonderko2008	middle-aged	12	cum_rec_metc13	1.25	27.98	0.59	67.9	0.0	0.0	0.0	0.0	0.0	10.0	75.0	0.0	10.0
limax_pkpd_v42	methacetin	Kasicka-Jonderko2008	middle-aged	12	cum_rec_metc13	1.5	31.2	0.63	67.9	0.0	0.0	0.0	0.0	0.0	10.0	75.0	0.0	10.0
limax_pkpd_v42	methacetin	Kasicka-Jonderko2008	middle-aged	12	cum_rec_metc13	1.75	34.12	0.59	67.9	0.0	0.0	0.0	0.0	0.0	10.0	75.0	0.0	10.0
limax_pkpd_v42	methacetin	Kasicka-Jonderko2008	middle-aged	12	cum_rec_metc13	2.0	36.7	0.63	67.9	0.0	0.0	0.0	0.0	0.0	10.0	75.0	0.0	10.0
limax_pkpd_v42	methacetin	Kasicka-Jonderko2008	middle-aged	12	cum_rec_metc13	2.5	40.98	0.72	67.9	0.0	0.0	0.0	0.0	0.0	10.0	75.0	0.0	10.0
limax_pkpd_v42	methacetin	Kasicka-Jonderko2008	middle-aged	12	cum_rec_metc13	3.0	44.49	0.72	67.9	0.0	0.0	0.0	0.0	0.0	10.0	75.0	0.0	10.0
limax_pkpd_v42	methacetin	Kasicka-Jonderko2011	baseline1	12	mom_rec_metc13	0.0	0.0	0.23	75.0	0.0	0.0	0.0	0.0	0.0	10.0	75.0	0.0	10.0
limax_pkpd_v42	methacetin	Kasicka-Jonderko2011	baseline1	12	mom_rec_metc13	0.05	4.3	0.32	75.0	0.0	0.0	0.0	0.0	0.0	10.0	75.0	0.0	10.0
limax_pkpd_v42	methacetin	Kasicka-Jonderko2011	baseline1	12	mom_rec_metc13	0.1	12.31	1.16	75.0	0.0	0.0	0.0	0.0	0.0	10.0	75.0	0.0	10.0
limax_pkpd_v42	methacetin	Kasicka-Jonderko2011	baseline1	12	mom_rec_metc13	0.15	22.59	1.94	75.0	0.0	0.0	0.0	0.0	0.0	10.0	75.0	0.0	10.0
limax_pkpd_v42	methacetin	Kasicka-Jonderko2011	baseline1	12	mom_rec_metc13	0.2	28.93	2.36	75.0	0.0	0.0	0.0	0.0	0.0	10.0	75.0	0.0	10.0
limax_pkpd_v42	methacetin	Kasicka-Jonderko2011	baseline1	12	mom_rec_metc13	0.25	31.57	2.92	75.0	0.0	0.0	0.0	0.0	0.0	10.0	75.0	0.0	10.0
limax_pkpd_v42	methacetin	Kasicka-Jonderko2011	baseline1	12	mom_rec_metc13	0.3	31.52	2.45	75.0	0.0	0.0	0.0	0.0	0.0	10.0	75.0	0.0	10.0
limax_pkpd_v42	methacetin	Kasicka-Jonderko2011	baseline1	12	mom_rec_metc13	0.35	30.09	1.9	75.0	0.0	0.0	0.0	0.0	0.0	10.0	75.0	0.0	10.0
limax_pkpd_v42	methacetin	Kasicka-Jonderko2011	baseline1	12	mom_rec_metc13	0.4	27.86	1.57	75.0	0.0	0.0	0.0	0.0	0.0	10.0	75.0	0.0	10.0
limax_pkpd_v42	methacetin	Kasicka-Jonderko2011	baseline1	12	mom_rec_metc13	0.45	26.57	1.34	75.0	0.0	0.0	0.0	0.0	0.0	10.0	75.0	0.0	10.0
limax_pkpd_v42	methacetin	Kasicka-Jonderko2011	baseline1	12	mom_rec_metc13	0.5	24.85	1.11	75.0	0.0	0.0	0.0	0.0	0.0	10.0	75.0	0.0	10.0
limax_pkpd_v42	methacetin	Kasicka-Jonderko2011	baseline1	12	mom_rec_metc13	0.6666666666666666	20.08	0.69	75.0	0.0	0.0	0.0	0.0	0.0	10.0	75.0	0.0	10.0
limax_pkpd_v42	methacetin	Kasicka-Jonderko2011	baseline1	12	mom_rec_metc13	0.8333333333333334	17.63	0.42	75.0	0.0	0.0	0.0	0.0	0.0	10.0	75.0	0.0	10.0
limax_pkpd_v42	methacetin	Kasicka-Jonderko2011	baseline1	12	mom_rec_metc13	1.0	15.59	0.46	75.0	0.0	0.0	0.0	0.0	0.0	10.0	75.0	0.0	10.0
limax_pkpd_v42	methacetin	Kasicka-Jonderko2011	baseline1	12	mom_rec_metc13	1.25	12.62	0.32	75.0	0.0	0.0	0.0	0.0	0.0	10.0	75.0	0.0	10.0
limax_pkpd_v42	methacetin	Kasicka-Jonderko2011	baseline1	12	mom_rec_metc13	1.5	10.58	0.56	75.0	0.0	0.0	0.0	0.0	0.0	10.0	75.0	0.0	10.0
limax_pkpd_v42	methacetin	Kasicka-Jonderko2011	baseline1	12	mom_rec_metc13	1.75	9.74	0.23	75.0	0.0	0.0	0.0	0.0	0.0	10.0	75.0	0.0	10.0
limax_pkpd_v42	methacetin	Kasicka-Jonderko2011	baseline1	12	mom_rec_metc13	2.0	8.3	0.32	75.0	0.0	0.0	0.0	0.0	0.0	10.0	75.0	0.0	10.0
limax_pkpd_v42	methacetin	Kasicka-Jonderko2011	baseline1	12	mom_rec_metc13	2.5	6.77	0.32	75.0	0.0	0.0	0.0	0.0	0.0	10.0	75.0	0.0	10.0
limax_pkpd_v42	methacetin	Kasicka-Jonderko2011	baseline1	12	mom_rec_metc13	3.0	5.37	0.28	75.0	0.0	0.0	0.0	0.0	0.0	10.0	75.0	0.0	10.0
limax_pkpd_v42	methacetin	Kasicka-Jonderko2011	2d	12	mom_rec_metc13	0.0	0.0	0.14	75.0	0.0	0.0	0.0	0.0	0.0	10.0	75.0	0.0	10.0
limax_pkpd_v42	methacetin	Kasicka-Jonderko2011	2d	12	mom_rec_metc13	0.05	4.86	0.09	75.0	0.0	0.0	0.0	0.0	0.0	10.0	75.0	0.0	10.0
limax_pkpd_v42	methacetin	Kasicka-Jonderko2011	2d	12	mom_rec_metc13	0.1	13.98	0.6	75.0	0.0	0.0	0.0	0.0	0.0	10.0	75.0	0.0	10.0
limax_pkpd_v42	methacetin	Kasicka-Jonderko2011	2d	12	mom_rec_metc13	0.15	23.7	1.48	75.0	0.0	0.0	0.0	0.0	0.0	10.0	75.0	0.0	10.0
limax_pkpd_v42	methacetin	Kasicka-Jonderko2011	2d	12	mom_rec_metc13	0.2	29.53	2.45	75.0	0.0	0.0	0.0	0.0	0.0	10.0	75.0	0.0	10.0
limax_pkpd_v42	methacetin	Kasicka-Jonderko2011	2d	12	mom_rec_metc13	0.25	30.23	2.55	75.0	0.0	0.0	0.0	0.0	0.0	10.0	75.0	0.0	10.0
limax_pkpd_v42	methacetin	Kasicka-Jonderko2011	2d	12	mom_rec_metc13	0.3	30.23	2.45	75.0	0.0	0.0	0.0	0.0	0.0	10.0	75.0	0.0	10.0
limax_pkpd_v42	methacetin	Kasicka-Jonderko2011	2d	12	mom_rec_metc13	0.35	28.98	2.04	75.0	0.0	0.0	0.0	0.0	0.0	10.0	75.0	0.0	10.0
limax_pkpd_v42	methacetin	Kasicka-Jonderko2011	2d	12	mom_rec_metc13	0.4	27.91	1.39	75.0	0.0	0.0	0.0	0.0	0.0	10.0	75.0	0.0	10.0
limax_pkpd_v42	methacetin	Kasicka-Jonderko2011	2d	12	mom_rec_metc13	0.45	26.15	1.16	75.0	0.0	0.0	0.0	0.0	0.0	10.0	75.0	0.0	10.0
limax_pkpd_v42	methacetin	Kasicka-Jonderko2011	2d	12	mom_rec_metc13	0.5	25.04	1.16	75.0	0.0	0.0	0.0	0.0	0.0	10.0	75.0	0.0	10.0
limax_pkpd_v42	methacetin	Kasicka-Jonderko2011	2d	12	mom_rec_metc13	0.6666666666666666	20.68	0.46	75.0	0.0	0.0	0.0	0.0	0.0	10.0	75.0	0.0	10.0
limax_pkpd_v42	methacetin	Kasicka-Jonderko2011	2d	12	mom_rec_metc13	0.8333333333333334	18.0	0.32	75.0	0.0	0.0	0.0	0.0	0.0	10.0	75.0	0.0	10.0
limax_pkpd_v42	methacetin	Kasicka-Jonderko2011	2d	12	mom_rec_metc13	1.0	15.59	0.51	75.0	0.0	0.0	0.0	0.0	0.0	10.0	75.0	0.0	10.0
limax_pkpd_v42	methacetin	Kasicka-Jonderko2011	2d	12	mom_rec_metc13	1.25	13.22	0.19	75.0	0.0	0.0	0.0	0.0	0.0	10.0	75.0	0.0	10.0
limax_pkpd_v42	methacetin	Kasicka-Jonderko2011	2d	12	mom_rec_metc13	1.5	11.32	0.23	75.0	0.0	0.0	0.0	0.0	0.0	10.0	75.0	0.0	10.0
limax_pkpd_v42	methacetin	Kasicka-Jonderko2011	2d	12	mom_rec_metc13	1.75	9.74	0.37	75.0	0.0	0.0	0.0	0.0	0.0	10.0	75.0	0.0	10.0
limax_pkpd_v42	methacetin	Kasicka-Jonderko2011	2d	12	mom_rec_metc13	2.0	8.44	0.09	75.0	0.0	0.0	0.0	0.0	0.0	10.0	75.0	0.0	10.0
limax_pkpd_v42	methacetin	Kasicka-Jonderko2011	2d	12	mom_rec_metc13	2.5	6.67	0.32	75.0	0.0	0.0	0.0	0.0	0.0	10.0	75.0	0.0	10.0
limax_pkpd_v42	methacetin	Kasicka-Jonderko2011	2d	12	mom_rec_metc13	3.0	5.05	0.19	75.0	0.0	0.0	0.0	0.0	0.0	10.0	75.0	0.0	10.0
limax_pkpd_v42	methacetin	Kasicka-Jonderko2011	baseline2	12	mom_rec_metc13	0.0	0.0	0.99	75.0	0.0	0.0	0.0	0.0	0.0	10.0	75.0	0.0	10.0
limax_pkpd_v42	methacetin	Kasicka-Jonderko2011	baseline2	12	mom_rec_metc13	0.05	4.48	1.13	75.0	0.0	0.0	0.0	0.0	0.0	10.0	75.0	0.0	10.0
limax_pkpd_v42	methacetin	Kasicka-Jonderko2011	baseline2	12	mom_rec_metc13	0.1	13.54	1.23	75.0	0.0	0.0	0.0	0.0	0.0	10.0	75.0	0.0	10.0
limax_pkpd_v42	methacetin	Kasicka-Jonderko2011	baseline2	12	mom_rec_metc13	0.15	25.85	2.88	75.0	0.0	0.0	0.0	0.0	0.0	10.0	75.0	0.0	10.0
limax_pkpd_v42	methacetin	Kasicka-Jonderko2011	baseline2	12	mom_rec_metc13	0.2	33.63	3.35	75.0	0.0	0.0	0.0	0.0	0.0	10.0	75.0	0.0	10.0
limax_pkpd_v42	methacetin	Kasicka-Jonderko2011	baseline2	12	mom_rec_metc13	0.25	35.05	2.92	75.0	0.0	0.0	0.0	0.0	0.0	10.0	75.0	0.0	10.0
limax_pkpd_v42	methacetin	Kasicka-Jonderko2011	baseline2	12	mom_rec_metc13	0.3	34.15	2.17	75.0	0.0	0.0	0.0	0.0	0.0	10.0	75.0	0.0	10.0
limax_pkpd_v42	methacetin	Kasicka-Jonderko2011	baseline2	12	mom_rec_metc13	0.35	32.64	1.7	75.0	0.0	0.0	0.0	0.0	0.0	10.0	75.0	0.0	10.0
limax_pkpd_v42	methacetin	Kasicka-Jonderko2011	baseline2	12	mom_rec_metc13	0.4	28.92	1.42	75.0	0.0	0.0	0.0	0.0	0.0	10.0	75.0	0.0	10.0
limax_pkpd_v42	methacetin	Kasicka-Jonderko2011	baseline2	12	mom_rec_metc13	0.45	27.55	1.18	75.0	0.0	0.0	0.0	0.0	0.0	10.0	75.0	0.0	10.0
limax_pkpd_v42	methacetin	Kasicka-Jonderko2011	baseline2	12	mom_rec_metc13	0.5	25.66	1.08	75.0	0.0	0.0	0.0	0.0	0.0	10.0	75.0	0.0	10.0
limax_pkpd_v42	methacetin	Kasicka-Jonderko2011	baseline2	12	mom_rec_metc13	0.6666666666666666	20.99	0.75	75.0	0.0	0.0	0.0	0.0	0.0	10.0	75.0	0.0	10.0
limax_pkpd_v42	methacetin	Kasicka-Jonderko2011	baseline2	12	mom_rec_metc13	0.8333333333333334	17.83	1.08	75.0	0.0	0.0	0.0	0.0	0.0	10.0	75.0	0.0	10.0
limax_pkpd_v42	methacetin	Kasicka-Jonderko2011	baseline2	12	mom_rec_metc13	1.0	16.08	0.52	75.0	0.0	0.0	0.0	0.0	0.0	10.0	75.0	0.0	10.0
limax_pkpd_v42	methacetin	Kasicka-Jonderko2011	baseline2	12	mom_rec_metc13	1.25	12.88	0.9	75.0	0.0	0.0	0.0	0.0	0.0	10.0	75.0	0.0	10.0
limax_pkpd_v42	methacetin	Kasicka-Jonderko2011	baseline2	12	mom_rec_metc13	1.5	10.85	0.52	75.0	0.0	0.0	0.0	0.0	0.0	10.0	75.0	0.0	10.0
limax_pkpd_v42	methacetin	Kasicka-Jonderko2011	baseline2	12	mom_rec_metc13	1.75	9.76	0.85	75.0	0.0	0.0	0.0	0.0	0.0	10.0	75.0	0.0	10.0
limax_pkpd_v42	methacetin	Kasicka-Jonderko2011	baseline2	12	mom_rec_metc13	2.0	8.4	0.75	75.0	0.0	0.0	0.0	0.0	0.0	10.0	75.0	0.0	10.0
limax_pkpd_v42	methacetin	Kasicka-Jonderko2011	baseline2	12	mom_rec_metc13	2.5	6.6	0.75	75.0	0.0	0.0	0.0	0.0	0.0	10.0	75.0	0.0	10.0
limax_pkpd_v42	methacetin	Kasicka-Jonderko2011	baseline2	12	mom_rec_metc13	3.0	5.05	0.99	75.0	0.0	0.0	0.0	0.0	0.0	10.0	75.0	0.0	10.0
limax_pkpd_v42	methacetin	Kasicka-Jonderko2011	18d	12	mom_rec_metc13	0.0	0.0	0.99	75.0	0.0	0.0	0.0	0.0	0.0	10.0	75.0	0.0	10.0
limax_pkpd_v42	methacetin	Kasicka-Jonderko2011	18d	12	mom_rec_metc13	0.05	4.34	0.94	75.0	0.0	0.0	0.0	0.0	0.0	10.0	75.0	0.0	10.0
limax_pkpd_v42	methacetin	Kasicka-Jonderko2011	18d	12	mom_rec_metc13	0.1	12.97	1.04	75.0	0.0	0.0	0.0	0.0	0.0	10.0	75.0	0.0	10.0
limax_pkpd_v42	methacetin	Kasicka-Jonderko2011	18d	12	mom_rec_metc13	0.15	21.75	0.99	75.0	0.0	0.0	0.0	0.0	0.0	10.0	75.0	0.0	10.0
limax_pkpd_v42	methacetin	Kasicka-Jonderko2011	18d	12	mom_rec_metc13	0.2	30.19	1.04	75.0	0.0	0.0	0.0	0.0	0.0	10.0	75.0	0.0	10.0
limax_pkpd_v42	methacetin	Kasicka-Jonderko2011	18d	12	mom_rec_metc13	0.25	30.05	1.13	75.0	0.0	0.0	0.0	0.0	0.0	10.0	75.0	0.0	10.0
limax_pkpd_v42	methacetin	Kasicka-Jonderko2011	18d	12	mom_rec_metc13	0.3	29.67	0.99	75.0	0.0	0.0	0.0	0.0	0.0	10.0	75.0	0.0	10.0
limax_pkpd_v42	methacetin	Kasicka-Jonderko2011	18d	12	mom_rec_metc13	0.35	28.07	0.99	75.0	0.0	0.0	0.0	0.0	0.0	10.0	75.0	0.0	10.0
limax_pkpd_v42	methacetin	Kasicka-Jonderko2011	18d	12	mom_rec_metc13	0.4	27.59	1.04	75.0	0.0	0.0	0.0	0.0	0.0	10.0	75.0	0.0	10.0
limax_pkpd_v42	methacetin	Kasicka-Jonderko2011	18d	12	mom_rec_metc13	0.45	26.13	0.99	75.0	0.0	0.0	0.0	0.0	0.0	10.0	75.0	0.0	10.0
limax_pkpd_v42	methacetin	Kasicka-Jonderko2011	18d	12	mom_rec_metc13	0.5	24.53	0.94	75.0	0.0	0.0	0.0	0.0	0.0	10.0	75.0	0.0	10.0
limax_pkpd_v42	methacetin	Kasicka-Jonderko2011	18d	12	mom_rec_metc13	0.6666666666666666	20.19	0.99	75.0	0.0	0.0	0.0	0.0	0.0	10.0	75.0	0.0	10.0
limax_pkpd_v42	methacetin	Kasicka-Jonderko2011	18d	12	mom_rec_metc13	0.8333333333333334	17.83	1.04	75.0	0.0	0.0	0.0	0.0	0.0	10.0	75.0	0.0	10.0
limax_pkpd_v42	methacetin	Kasicka-Jonderko2011	18d	12	mom_rec_metc13	1.0	15.42	0.99	75.0	0.0	0.0	0.0	0.0	0.0	10.0	75.0	0.0	10.0
limax_pkpd_v42	methacetin	Kasicka-Jonderko2011	18d	12	mom_rec_metc13	1.25	13.02	0.99	75.0	0.0	0.0	0.0	0.0	0.0	10.0	75.0	0.0	10.0
limax_pkpd_v42	methacetin	Kasicka-Jonderko2011	18d	12	mom_rec_metc13	1.5	11.13	0.94	75.0	0.0	0.0	0.0	0.0	0.0	10.0	75.0	0.0	10.0
limax_pkpd_v42	methacetin	Kasicka-Jonderko2011	18d	12	mom_rec_metc13	1.75	9.95	1.04	75.0	0.0	0.0	0.0	0.0	0.0	10.0	75.0	0.0	10.0
limax_pkpd_v42	methacetin	Kasicka-Jonderko2011	18d	12	mom_rec_metc13	2.0	8.68	0.99	75.0	0.0	0.0	0.0	0.0	0.0	10.0	75.0	0.0	10.0
limax_pkpd_v42	methacetin	Kasicka-Jonderko2011	18d	12	mom_rec_metc13	2.5	6.79	0.9	75.0	0.0	0.0	0.0	0.0	0.0	10.0	75.0	0.0	10.0
limax_pkpd_v42	methacetin	Kasicka-Jonderko2011	18d	12	mom_rec_metc13	3.0	5.09	0.99	75.0	0.0	0.0	0.0	0.0	0.0	10.0	75.0	0.0	10.0
limax_pkpd_v42	methacetin	Kasicka-Jonderko2013a	F_LBMI_FX75	8	mom_rec_metc13	0.0	0.0	0.26	50.9	0.0	0.0	0.0	0.0	0.0	10.0	75.0	0.0	10.0
limax_pkpd_v42	methacetin	Kasicka-Jonderko2013a	F_LBMI_FX75	8	mom_rec_metc13	0.05	4.55	0.48	50.9	0.0	0.0	0.0	0.0	0.0	10.0	75.0	0.0	10.0
limax_pkpd_v42	methacetin	Kasicka-Jonderko2013a	F_LBMI_FX75	8	mom_rec_metc13	0.1	11.86	2.44	50.9	0.0	0.0	0.0	0.0	0.0	10.0	75.0	0.0	10.0
limax_pkpd_v42	methacetin	Kasicka-Jonderko2013a	F_LBMI_FX75	8	mom_rec_metc13	0.15	20.44	3.44	50.9	0.0	0.0	0.0	0.0	0.0	10.0	75.0	0.0	10.0
limax_pkpd_v42	methacetin	Kasicka-Jonderko2013a	F_LBMI_FX75	8	mom_rec_metc13	0.2	26.79	3.76	50.9	0.0	0.0	0.0	0.0	0.0	10.0	75.0	0.0	10.0
limax_pkpd_v42	methacetin	Kasicka-Jonderko2013a	F_LBMI_FX75	8	mom_rec_metc13	0.25	29.92	3.44	50.9	0.0	0.0	0.0	0.0	0.0	10.0	75.0	0.0	10.0
limax_pkpd_v42	methacetin	Kasicka-Jonderko2013a	F_LBMI_FX75	8	mom_rec_metc13	0.3	33.25	3.97	50.9	0.0	0.0	0.0	0.0	0.0	10.0	75.0	0.0	10.0
limax_pkpd_v42	methacetin	Kasicka-Jonderko2013a	F_LBMI_FX75	8	mom_rec_metc13	0.35	33.31	4.02	50.9	0.0	0.0	0.0	0.0	0.0	10.0	75.0	0.0	10.0
limax_pkpd_v42	methacetin	Kasicka-Jonderko2013a	F_LBMI_FX75	8	mom_rec_metc13	0.4	33.47	3.44	50.9	0.0	0.0	0.0	0.0	0.0	10.0	75.0	0.0	10.0
limax_pkpd_v42	methacetin	Kasicka-Jonderko2013a	F_LBMI_FX75	8	mom_rec_metc13	0.45	31.72	3.12	50.9	0.0	0.0	0.0	0.0	0.0	10.0	75.0	0.0	10.0
limax_pkpd_v42	methacetin	Kasicka-Jonderko2013a	F_LBMI_FX75	8	mom_rec_metc13	0.5	30.08	3.12	50.9	0.0	0.0	0.0	0.0	0.0	10.0	75.0	0.0	10.0
limax_pkpd_v42	methacetin	Kasicka-Jonderko2013a	F_LBMI_FX75	8	mom_rec_metc13	0.6666666666666666	24.36	2.22	50.9	0.0	0.0	0.0	0.0	0.0	10.0	75.0	0.0	10.0
limax_pkpd_v42	methacetin	Kasicka-Jonderko2013a	F_LBMI_FX75	8	mom_rec_metc13	0.8333333333333334	21.03	1.8	50.9	0.0	0.0	0.0	0.0	0.0	10.0	75.0	0.0	10.0
limax_pkpd_v42	methacetin	Kasicka-Jonderko2013a	F_LBMI_FX75	8	mom_rec_metc13	1.0	17.81	1.54	50.9	0.0	0.0	0.0	0.0	0.0	10.0	75.0	0.0	10.0
limax_pkpd_v42	methacetin	Kasicka-Jonderko2013a	F_LBMI_FX75	8	mom_rec_metc13	1.25	14.42	0.9	50.9	0.0	0.0	0.0	0.0	0.0	10.0	75.0	0.0	10.0
limax_pkpd_v42	methacetin	Kasicka-Jonderko2013a	F_LBMI_FX75	8	mom_rec_metc13	1.5	12.36	0.85	50.9	0.0	0.0	0.0	0.0	0.0	10.0	75.0	0.0	10.0
limax_pkpd_v42	methacetin	Kasicka-Jonderko2013a	F_LBMI_FX75	8	mom_rec_metc13	1.75	10.62	0.64	50.9	0.0	0.0	0.0	0.0	0.0	10.0	75.0	0.0	10.0
limax_pkpd_v42	methacetin	Kasicka-Jonderko2013a	F_LBMI_FX75	8	mom_rec_metc13	2.0	9.09	0.64	50.9	0.0	0.0	0.0	0.0	0.0	10.0	75.0	0.0	10.0
limax_pkpd_v42	methacetin	Kasicka-Jonderko2013a	F_LBMI_FX75	8	mom_rec_metc13	2.5	7.35	0.53	50.9	0.0	0.0	0.0	0.0	0.0	10.0	75.0	0.0	10.0
limax_pkpd_v42	methacetin	Kasicka-Jonderko2013a	F_LBMI_FX75	8	mom_rec_metc13	3.0	5.88	0.74	50.9	0.0	0.0	0.0	0.0	0.0	10.0	75.0	0.0	10.0
limax_pkpd_v42	methacetin	Kasicka-Jonderko2013a	F_LBMI_FX75	8	cum_rec_metc13	0.0	0.0	0.24	50.9	0.0	0.0	0.0	0.0	0.0	10.0	75.0	0.0	10.0
limax_pkpd_v42	methacetin	Kasicka-Jonderko2013a	F_LBMI_FX75	8	cum_rec_metc13	0.05	0.17	0.18	50.9	0.0	0.0	0.0	0.0	0.0	10.0	75.0	0.0	10.0
limax_pkpd_v42	methacetin	Kasicka-Jonderko2013a	F_LBMI_FX75	8	cum_rec_metc13	0.1	0.59	0.24	50.9	0.0	0.0	0.0	0.0	0.0	10.0	75.0	0.0	10.0
limax_pkpd_v42	methacetin	Kasicka-Jonderko2013a	F_LBMI_FX75	8	cum_rec_metc13	0.15	1.17	0.59	50.9	0.0	0.0	0.0	0.0	0.0	10.0	75.0	0.0	10.0
limax_pkpd_v42	methacetin	Kasicka-Jonderko2013a	F_LBMI_FX75	8	cum_rec_metc13	0.2	2.47	0.53	50.9	0.0	0.0	0.0	0.0	0.0	10.0	75.0	0.0	10.0
limax_pkpd_v42	methacetin	Kasicka-Jonderko2013a	F_LBMI_FX75	8	cum_rec_metc13	0.25	3.89	0.65	50.9	0.0	0.0	0.0	0.0	0.0	10.0	75.0	0.0	10.0
limax_pkpd_v42	methacetin	Kasicka-Jonderko2013a	F_LBMI_FX75	8	cum_rec_metc13	0.3	5.54	0.65	50.9	0.0	0.0	0.0	0.0	0.0	10.0	75.0	0.0	10.0
limax_pkpd_v42	methacetin	Kasicka-Jonderko2013a	F_LBMI_FX75	8	cum_rec_metc13	0.35	7.13	0.94	50.9	0.0	0.0	0.0	0.0	0.0	10.0	75.0	0.0	10.0
limax_pkpd_v42	methacetin	Kasicka-Jonderko2013a	F_LBMI_FX75	8	cum_rec_metc13	0.4	8.84	1.0	50.9	0.0	0.0	0.0	0.0	0.0	10.0	75.0	0.0	10.0
limax_pkpd_v42	methacetin	Kasicka-Jonderko2013a	F_LBMI_FX75	8	cum_rec_metc13	0.45	10.43	1.65	50.9	0.0	0.0	0.0	0.0	0.0	10.0	75.0	0.0	10.0
limax_pkpd_v42	methacetin	Kasicka-Jonderko2013a	F_LBMI_FX75	8	cum_rec_metc13	0.5	12.02	1.83	50.9	0.0	0.0	0.0	0.0	0.0	10.0	75.0	0.0	10.0
limax_pkpd_v42	methacetin	Kasicka-Jonderko2013a	F_LBMI_FX75	8	cum_rec_metc13	0.6666666666666666	16.56	1.0	50.9	0.0	0.0	0.0	0.0	0.0	10.0	75.0	0.0	10.0
limax_pkpd_v42	methacetin	Kasicka-Jonderko2013a	F_LBMI_FX75	8	cum_rec_metc13	0.8333333333333334	20.33	0.53	50.9	0.0	0.0	0.0	0.0	0.0	10.0	75.0	0.0	10.0
limax_pkpd_v42	methacetin	Kasicka-Jonderko2013a	F_LBMI_FX75	8	cum_rec_metc13	1.0	23.57	1.89	50.9	0.0	0.0	0.0	0.0	0.0	10.0	75.0	0.0	10.0
limax_pkpd_v42	methacetin	Kasicka-Jonderko2013a	F_LBMI_FX75	8	cum_rec_metc13	1.25	27.58	2.42	50.9	0.0	0.0	0.0	0.0	0.0	10.0	75.0	0.0	10.0
limax_pkpd_v42	methacetin	Kasicka-Jonderko2013a	F_LBMI_FX75	8	cum_rec_metc13	1.5	30.81	2.6	50.9	0.0	0.0	0.0	0.0	0.0	10.0	75.0	0.0	10.0
limax_pkpd_v42	methacetin	Kasicka-Jonderko2013a	F_LBMI_FX75	8	cum_rec_metc13	1.75	33.7	2.83	50.9	0.0	0.0	0.0	0.0	0.0	10.0	75.0	0.0	10.0
limax_pkpd_v42	methacetin	Kasicka-Jonderko2013a	F_LBMI_FX75	8	cum_rec_metc13	2.0	36.28	2.77	50.9	0.0	0.0	0.0	0.0	0.0	10.0	75.0	0.0	10.0
limax_pkpd_v42	methacetin	Kasicka-Jonderko2013a	F_LBMI_FX75	8	cum_rec_metc13	2.5	40.34	2.83	50.9	0.0	0.0	0.0	0.0	0.0	10.0	75.0	0.0	10.0
limax_pkpd_v42	methacetin	Kasicka-Jonderko2013a	F_LBMI_FX75	8	cum_rec_metc13	3.0	43.62	3.01	50.9	0.0	0.0	0.0	0.0	0.0	10.0	75.0	0.0	10.0
limax_pkpd_v42	methacetin	Kasicka-Jonderko2013a	F_LBMI_BMAD	8	mom_rec_metc13	0.0	0.0	0.48	50.9	0.0	0.0	0.0	0.0	0.0	10.0	50.9	0.0	10.0
limax_pkpd_v42	methacetin	Kasicka-Jonderko2013a	F_LBMI_BMAD	8	mom_rec_metc13	0.05	5.4	1.06	50.9	0.0	0.0	0.0	0.0	0.0	10.0	50.9	0.0	10.0
limax_pkpd_v42	methacetin	Kasicka-Jonderko2013a	F_LBMI_BMAD	8	mom_rec_metc13	0.1	17.47	2.81	50.9	0.0	0.0	0.0	0.0	0.0	10.0	50.9	0.0	10.0
limax_pkpd_v42	methacetin	Kasicka-Jonderko2013a	F_LBMI_BMAD	8	mom_rec_metc13	0.15	30.39	3.44	50.9	0.0	0.0	0.0	0.0	0.0	10.0	50.9	0.0	10.0
limax_pkpd_v42	methacetin	Kasicka-Jonderko2013a	F_LBMI_BMAD	8	mom_rec_metc13	0.2	37.8	2.91	50.9	0.0	0.0	0.0	0.0	0.0	10.0	50.9	0.0	10.0
limax_pkpd_v42	methacetin	Kasicka-Jonderko2013a	F_LBMI_BMAD	8	mom_rec_metc13	0.25	39.66	3.23	50.9	0.0	0.0	0.0	0.0	0.0	10.0	50.9	0.0	10.0
limax_pkpd_v42	methacetin	Kasicka-Jonderko2013a	F_LBMI_BMAD	8	mom_rec_metc13	0.3	37.59	2.65	50.9	0.0	0.0	0.0	0.0	0.0	10.0	50.9	0.0	10.0
limax_pkpd_v42	methacetin	Kasicka-Jonderko2013a	F_LBMI_BMAD	8	mom_rec_metc13	0.35	34.1	3.34	50.9	0.0	0.0	0.0	0.0	0.0	10.0	50.9	0.0	10.0
limax_pkpd_v42	methacetin	Kasicka-Jonderko2013a	F_LBMI_BMAD	8	mom_rec_metc13	0.4	31.67	2.7	50.9	0.0	0.0	0.0	0.0	0.0	10.0	50.9	0.0	10.0
limax_pkpd_v42	methacetin	Kasicka-Jonderko2013a	F_LBMI_BMAD	8	mom_rec_metc13	0.45	28.38	2.33	50.9	0.0	0.0	0.0	0.0	0.0	10.0	50.9	0.0	10.0
limax_pkpd_v42	methacetin	Kasicka-Jonderko2013a	F_LBMI_BMAD	8	mom_rec_metc13	0.5	26.21	1.96	50.9	0.0	0.0	0.0	0.0	0.0	10.0	50.9	0.0	10.0
limax_pkpd_v42	methacetin	Kasicka-Jonderko2013a	F_LBMI_BMAD	8	mom_rec_metc13	0.6666666666666666	21.03	1.27	50.9	0.0	0.0	0.0	0.0	0.0	10.0	50.9	0.0	10.0
limax_pkpd_v42	methacetin	Kasicka-Jonderko2013a	F_LBMI_BMAD	8	mom_rec_metc13	0.8333333333333334	17.43	1.43	50.9	0.0	0.0	0.0	0.0	0.0	10.0	50.9	0.0	10.0
limax_pkpd_v42	methacetin	Kasicka-Jonderko2013a	F_LBMI_BMAD	8	mom_rec_metc13	1.0	15.48	1.38	50.9	0.0	0.0	0.0	0.0	0.0	10.0	50.9	0.0	10.0
limax_pkpd_v42	methacetin	Kasicka-Jonderko2013a	F_LBMI_BMAD	8	mom_rec_metc13	1.25	12.62	1.01	50.9	0.0	0.0	0.0	0.0	0.0	10.0	50.9	0.0	10.0
limax_pkpd_v42	methacetin	Kasicka-Jonderko2013a	F_LBMI_BMAD	8	mom_rec_metc13	1.5	11.25	0.74	50.9	0.0	0.0	0.0	0.0	0.0	10.0	50.9	0.0	10.0
limax_pkpd_v42	methacetin	Kasicka-Jonderko2013a	F_LBMI_BMAD	8	mom_rec_metc13	1.75	9.56	0.9	50.9	0.0	0.0	0.0	0.0	0.0	10.0	50.9	0.0	10.0
limax_pkpd_v42	methacetin	Kasicka-Jonderko2013a	F_LBMI_BMAD	8	mom_rec_metc13	2.0	8.51	0.79	50.9	0.0	0.0	0.0	0.0	0.0	10.0	50.9	0.0	10.0
limax_pkpd_v42	methacetin	Kasicka-Jonderko2013a	F_LBMI_BMAD	8	mom_rec_metc13	2.5	6.71	0.9	50.9	0.0	0.0	0.0	0.0	0.0	10.0	50.9	0.0	10.0
limax_pkpd_v42	methacetin	Kasicka-Jonderko2013a	F_LBMI_BMAD	8	mom_rec_metc13	3.0	5.77	0.64	50.9	0.0	0.0	0.0	0.0	0.0	10.0	50.9	0.0	10.0
limax_pkpd_v42	methacetin	Kasicka-Jonderko2013a	F_LBMI_BMAD	8	cum_rec_metc13	0.0	0.0	0.35	50.9	0.0	0.0	0.0	0.0	0.0	10.0	50.9	0.0	10.0
limax_pkpd_v42	methacetin	Kasicka-Jonderko2013a	F_LBMI_BMAD	8	cum_rec_metc13	0.05	0.12	0.35	50.9	0.0	0.0	0.0	0.0	0.0	10.0	50.9	0.0	10.0
limax_pkpd_v42	methacetin	Kasicka-Jonderko2013a	F_LBMI_BMAD	8	cum_rec_metc13	0.1	0.7	0.35	50.9	0.0	0.0	0.0	0.0	0.0	10.0	50.9	0.0	10.0
limax_pkpd_v42	methacetin	Kasicka-Jonderko2013a	F_LBMI_BMAD	8	cum_rec_metc13	0.15	1.88	0.41	50.9	0.0	0.0	0.0	0.0	0.0	10.0	50.9	0.0	10.0
limax_pkpd_v42	methacetin	Kasicka-Jonderko2013a	F_LBMI_BMAD	8	cum_rec_metc13	0.2	3.59	0.18	50.9	0.0	0.0	0.0	0.0	0.0	10.0	50.9	0.0	10.0
limax_pkpd_v42	methacetin	Kasicka-Jonderko2013a	F_LBMI_BMAD	8	cum_rec_metc13	0.25	5.54	0.53	50.9	0.0	0.0	0.0	0.0	0.0	10.0	50.9	0.0	10.0
limax_pkpd_v42	methacetin	Kasicka-Jonderko2013a	F_LBMI_BMAD	8	cum_rec_metc13	0.3	7.6	0.65	50.9	0.0	0.0	0.0	0.0	0.0	10.0	50.9	0.0	10.0
limax_pkpd_v42	methacetin	Kasicka-Jonderko2013a	F_LBMI_BMAD	8	cum_rec_metc13	0.35	9.37	0.77	50.9	0.0	0.0	0.0	0.0	0.0	10.0	50.9	0.0	10.0
limax_pkpd_v42	methacetin	Kasicka-Jonderko2013a	F_LBMI_BMAD	8	cum_rec_metc13	0.4	10.96	0.77	50.9	0.0	0.0	0.0	0.0	0.0	10.0	50.9	0.0	10.0
limax_pkpd_v42	methacetin	Kasicka-Jonderko2013a	F_LBMI_BMAD	8	cum_rec_metc13	0.45	12.38	0.94	50.9	0.0	0.0	0.0	0.0	0.0	10.0	50.9	0.0	10.0
limax_pkpd_v42	methacetin	Kasicka-Jonderko2013a	F_LBMI_BMAD	8	cum_rec_metc13	0.5	13.85	1.18	50.9	0.0	0.0	0.0	0.0	0.0	10.0	50.9	0.0	10.0
limax_pkpd_v42	methacetin	Kasicka-Jonderko2013a	F_LBMI_BMAD	8	cum_rec_metc13	0.6666666666666666	17.68	1.0	50.9	0.0	0.0	0.0	0.0	0.0	10.0	50.9	0.0	10.0
limax_pkpd_v42	methacetin	Kasicka-Jonderko2013a	F_LBMI_BMAD	8	cum_rec_metc13	0.8333333333333334	20.98	1.12	50.9	0.0	0.0	0.0	0.0	0.0	10.0	50.9	0.0	10.0
limax_pkpd_v42	methacetin	Kasicka-Jonderko2013a	F_LBMI_BMAD	8	cum_rec_metc13	1.0	23.63	1.65	50.9	0.0	0.0	0.0	0.0	0.0	10.0	50.9	0.0	10.0
limax_pkpd_v42	methacetin	Kasicka-Jonderko2013a	F_LBMI_BMAD	8	cum_rec_metc13	1.25	27.05	1.54	50.9	0.0	0.0	0.0	0.0	0.0	10.0	50.9	0.0	10.0
limax_pkpd_v42	methacetin	Kasicka-Jonderko2013a	F_LBMI_BMAD	8	cum_rec_metc13	1.5	30.11	1.83	50.9	0.0	0.0	0.0	0.0	0.0	10.0	50.9	0.0	10.0
limax_pkpd_v42	methacetin	Kasicka-Jonderko2013a	F_LBMI_BMAD	8	cum_rec_metc13	1.75	32.75	2.18	50.9	0.0	0.0	0.0	0.0	0.0	10.0	50.9	0.0	10.0
limax_pkpd_v42	methacetin	Kasicka-Jonderko2013a	F_LBMI_BMAD	8	cum_rec_metc13	2.0	34.99	2.3	50.9	0.0	0.0	0.0	0.0	0.0	10.0	50.9	0.0	10.0
limax_pkpd_v42	methacetin	Kasicka-Jonderko2013a	F_LBMI_BMAD	8	cum_rec_metc13	2.5	38.74	2.77	50.9	0.0	0.0	0.0	0.0	0.0	10.0	50.9	0.0	10.0
limax_pkpd_v42	methacetin	Kasicka-Jonderko2013a	F_LBMI_BMAD	8	cum_rec_metc13	3.0	41.85	3.07	50.9	0.0	0.0	0.0	0.0	0.0	10.0	50.9	0.0	10.0
limax_pkpd_v42	methacetin	Kasicka-Jonderko2013a	M_HBMI_FX75	8	mom_rec_metc13	0.0	0.0	0.42	103.0	0.0	0.0	0.0	0.0	0.0	10.0	75.0	0.0	10.0
limax_pkpd_v42	methacetin	Kasicka-Jonderko2013a	M_HBMI_FX75	8	mom_rec_metc13	0.05	4.43	0.53	103.0	0.0	0.0	0.0	0.0	0.0	10.0	75.0	0.0	10.0
limax_pkpd_v42	methacetin	Kasicka-Jonderko2013a	M_HBMI_FX75	8	mom_rec_metc13	0.1	11.44	2.37	103.0	0.0	0.0	0.0	0.0	0.0	10.0	75.0	0.0	10.0
limax_pkpd_v42	methacetin	Kasicka-Jonderko2013a	M_HBMI_FX75	8	mom_rec_metc13	0.15	17.24	3.75	103.0	0.0	0.0	0.0	0.0	0.0	10.0	75.0	0.0	10.0
limax_pkpd_v42	methacetin	Kasicka-Jonderko2013a	M_HBMI_FX75	8	mom_rec_metc13	0.2	22.04	3.48	103.0	0.0	0.0	0.0	0.0	0.0	10.0	75.0	0.0	10.0
limax_pkpd_v42	methacetin	Kasicka-Jonderko2013a	M_HBMI_FX75	8	mom_rec_metc13	0.25	26.04	3.8	103.0	0.0	0.0	0.0	0.0	0.0	10.0	75.0	0.0	10.0
limax_pkpd_v42	methacetin	Kasicka-Jonderko2013a	M_HBMI_FX75	8	mom_rec_metc13	0.3	26.2	1.95	103.0	0.0	0.0	0.0	0.0	0.0	10.0	75.0	0.0	10.0
limax_pkpd_v42	methacetin	Kasicka-Jonderko2013a	M_HBMI_FX75	8	mom_rec_metc13	0.35	26.51	1.16	103.0	0.0	0.0	0.0	0.0	0.0	10.0	75.0	0.0	10.0
limax_pkpd_v42	methacetin	Kasicka-Jonderko2013a	M_HBMI_FX75	8	mom_rec_metc13	0.4	26.82	0.79	103.0	0.0	0.0	0.0	0.0	0.0	10.0	75.0	0.0	10.0
limax_pkpd_v42	methacetin	Kasicka-Jonderko2013a	M_HBMI_FX75	8	mom_rec_metc13	0.45	26.77	0.48	103.0	0.0	0.0	0.0	0.0	0.0	10.0	75.0	0.0	10.0
limax_pkpd_v42	methacetin	Kasicka-Jonderko2013a	M_HBMI_FX75	8	mom_rec_metc13	0.5	25.87	1.37	103.0	0.0	0.0	0.0	0.0	0.0	10.0	75.0	0.0	10.0
limax_pkpd_v42	methacetin	Kasicka-Jonderko2013a	M_HBMI_FX75	8	mom_rec_metc13	0.6666666666666666	23.06	1.53	103.0	0.0	0.0	0.0	0.0	0.0	10.0	75.0	0.0	10.0
limax_pkpd_v42	methacetin	Kasicka-Jonderko2013a	M_HBMI_FX75	8	mom_rec_metc13	0.8333333333333334	18.19	1.37	103.0	0.0	0.0	0.0	0.0	0.0	10.0	75.0	0.0	10.0
limax_pkpd_v42	methacetin	Kasicka-Jonderko2013a	M_HBMI_FX75	8	mom_rec_metc13	1.0	16.28	1.32	103.0	0.0	0.0	0.0	0.0	0.0	10.0	75.0	0.0	10.0
limax_pkpd_v42	methacetin	Kasicka-Jonderko2013a	M_HBMI_FX75	8	mom_rec_metc13	1.25	12.89	0.84	103.0	0.0	0.0	0.0	0.0	0.0	10.0	75.0	0.0	10.0
limax_pkpd_v42	methacetin	Kasicka-Jonderko2013a	M_HBMI_FX75	8	mom_rec_metc13	1.5	10.5	0.69	103.0	0.0	0.0	0.0	0.0	0.0	10.0	75.0	0.0	10.0
limax_pkpd_v42	methacetin	Kasicka-Jonderko2013a	M_HBMI_FX75	8	mom_rec_metc13	1.75	10.43	0.79	103.0	0.0	0.0	0.0	0.0	0.0	10.0	75.0	0.0	10.0
limax_pkpd_v42	methacetin	Kasicka-Jonderko2013a	M_HBMI_FX75	8	mom_rec_metc13	2.0	8.99	0.79	103.0	0.0	0.0	0.0	0.0	0.0	10.0	75.0	0.0	10.0
limax_pkpd_v42	methacetin	Kasicka-Jonderko2013a	M_HBMI_FX75	8	mom_rec_metc13	2.5	7.1	0.48	103.0	0.0	0.0	0.0	0.0	0.0	10.0	75.0	0.0	10.0
limax_pkpd_v42	methacetin	Kasicka-Jonderko2013a	M_HBMI_FX75	8	mom_rec_metc13	3.0	4.54	0.47	103.0	0.0	0.0	0.0	0.0	0.0	10.0	75.0	0.0	10.0
limax_pkpd_v42	methacetin	Kasicka-Jonderko2013a	M_HBMI_FX75	8	cum_rec_metc13	0.0	0.0	0.23	103.0	0.0	0.0	0.0	0.0	0.0	10.0	75.0	0.0	10.0
limax_pkpd_v42	methacetin	Kasicka-Jonderko2013a	M_HBMI_FX75	8	cum_rec_metc13	0.05	0.17	0.53	103.0	0.0	0.0	0.0	0.0	0.0	10.0	75.0	0.0	10.0
limax_pkpd_v42	methacetin	Kasicka-Jonderko2013a	M_HBMI_FX75	8	cum_rec_metc13	0.1	0.53	0.35	103.0	0.0	0.0	0.0	0.0	0.0	10.0	75.0	0.0	10.0
limax_pkpd_v42	methacetin	Kasicka-Jonderko2013a	M_HBMI_FX75	8	cum_rec_metc13	0.15	1.35	0.41	103.0	0.0	0.0	0.0	0.0	0.0	10.0	75.0	0.0	10.0
limax_pkpd_v42	methacetin	Kasicka-Jonderko2013a	M_HBMI_FX75	8	cum_rec_metc13	0.2	2.16	0.59	103.0	0.0	0.0	0.0	0.0	0.0	10.0	75.0	0.0	10.0
limax_pkpd_v42	methacetin	Kasicka-Jonderko2013a	M_HBMI_FX75	8	cum_rec_metc13	0.25	3.51	0.53	103.0	0.0	0.0	0.0	0.0	0.0	10.0	75.0	0.0	10.0
limax_pkpd_v42	methacetin	Kasicka-Jonderko2013a	M_HBMI_FX75	8	cum_rec_metc13	0.3	4.92	1.0	103.0	0.0	0.0	0.0	0.0	0.0	10.0	75.0	0.0	10.0
limax_pkpd_v42	methacetin	Kasicka-Jonderko2013a	M_HBMI_FX75	8	cum_rec_metc13	0.35	6.03	0.76	103.0	0.0	0.0	0.0	0.0	0.0	10.0	75.0	0.0	10.0
limax_pkpd_v42	methacetin	Kasicka-Jonderko2013a	M_HBMI_FX75	8	cum_rec_metc13	0.4	7.38	0.7	103.0	0.0	0.0	0.0	0.0	0.0	10.0	75.0	0.0	10.0
limax_pkpd_v42	methacetin	Kasicka-Jonderko2013a	M_HBMI_FX75	8	cum_rec_metc13	0.45	8.73	0.88	103.0	0.0	0.0	0.0	0.0	0.0	10.0	75.0	0.0	10.0
limax_pkpd_v42	methacetin	Kasicka-Jonderko2013a	M_HBMI_FX75	8	cum_rec_metc13	0.5	10.01	0.7	103.0	0.0	0.0	0.0	0.0	0.0	10.0	75.0	0.0	10.0
limax_pkpd_v42	methacetin	Kasicka-Jonderko2013a	M_HBMI_FX75	8	cum_rec_metc13	0.6666666666666666	14.05	0.64	103.0	0.0	0.0	0.0	0.0	0.0	10.0	75.0	0.0	10.0
limax_pkpd_v42	methacetin	Kasicka-Jonderko2013a	M_HBMI_FX75	8	cum_rec_metc13	0.8333333333333334	17.51	0.7	103.0	0.0	0.0	0.0	0.0	0.0	10.0	75.0	0.0	10.0
limax_pkpd_v42	methacetin	Kasicka-Jonderko2013a	M_HBMI_FX75	8	cum_rec_metc13	1.0	20.5	0.7	103.0	0.0	0.0	0.0	0.0	0.0	10.0	75.0	0.0	10.0
limax_pkpd_v42	methacetin	Kasicka-Jonderko2013a	M_HBMI_FX75	8	cum_rec_metc13	1.25	24.18	0.88	103.0	0.0	0.0	0.0	0.0	0.0	10.0	75.0	0.0	10.0
limax_pkpd_v42	methacetin	Kasicka-Jonderko2013a	M_HBMI_FX75	8	cum_rec_metc13	1.5	27.05	0.94	103.0	0.0	0.0	0.0	0.0	0.0	10.0	75.0	0.0	10.0
limax_pkpd_v42	methacetin	Kasicka-Jonderko2013a	M_HBMI_FX75	8	cum_rec_metc13	1.75	29.68	1.17	103.0	0.0	0.0	0.0	0.0	0.0	10.0	75.0	0.0	10.0
limax_pkpd_v42	methacetin	Kasicka-Jonderko2013a	M_HBMI_FX75	8	cum_rec_metc13	2.0	32.08	1.23	103.0	0.0	0.0	0.0	0.0	0.0	10.0	75.0	0.0	10.0
limax_pkpd_v42	methacetin	Kasicka-Jonderko2013a	M_HBMI_FX75	8	cum_rec_metc13	2.5	36.18	1.52	103.0	0.0	0.0	0.0	0.0	0.0	10.0	75.0	0.0	10.0
limax_pkpd_v42	methacetin	Kasicka-Jonderko2013a	M_HBMI_FX75	8	cum_rec_metc13	3.0	39.33	1.82	103.0	0.0	0.0	0.0	0.0	0.0	10.0	75.0	0.0	10.0
limax_pkpd_v42	methacetin	Kasicka-Jonderko2013a	M_HBMI_BMAD	8	mom_rec_metc13	0.0	0.0	0.58	103.0	0.0	0.0	0.0	0.0	0.0	10.0	103.0	0.0	10.0
limax_pkpd_v42	methacetin	Kasicka-Jonderko2013a	M_HBMI_BMAD	8	mom_rec_metc13	0.05	4.11	0.53	103.0	0.0	0.0	0.0	0.0	0.0	10.0	103.0	0.0	10.0
limax_pkpd_v42	methacetin	Kasicka-Jonderko2013a	M_HBMI_BMAD	8	mom_rec_metc13	0.1	12.02	2.48	103.0	0.0	0.0	0.0	0.0	0.0	10.0	103.0	0.0	10.0
limax_pkpd_v42	methacetin	Kasicka-Jonderko2013a	M_HBMI_BMAD	8	mom_rec_metc13	0.15	21.04	3.59	103.0	0.0	0.0	0.0	0.0	0.0	10.0	103.0	0.0	10.0
limax_pkpd_v42	methacetin	Kasicka-Jonderko2013a	M_HBMI_BMAD	8	mom_rec_metc13	0.2	28.42	4.01	103.0	0.0	0.0	0.0	0.0	0.0	10.0	103.0	0.0	10.0
limax_pkpd_v42	methacetin	Kasicka-Jonderko2013a	M_HBMI_BMAD	8	mom_rec_metc13	0.25	33.06	4.22	103.0	0.0	0.0	0.0	0.0	0.0	10.0	103.0	0.0	10.0
limax_pkpd_v42	methacetin	Kasicka-Jonderko2013a	M_HBMI_BMAD	8	mom_rec_metc13	0.3	34.11	3.96	103.0	0.0	0.0	0.0	0.0	0.0	10.0	103.0	0.0	10.0
limax_pkpd_v42	methacetin	Kasicka-Jonderko2013a	M_HBMI_BMAD	8	mom_rec_metc13	0.35	33.16	3.17	103.0	0.0	0.0	0.0	0.0	0.0	10.0	103.0	0.0	10.0
limax_pkpd_v42	methacetin	Kasicka-Jonderko2013a	M_HBMI_BMAD	8	mom_rec_metc13	0.4	31.26	2.85	103.0	0.0	0.0	0.0	0.0	0.0	10.0	103.0	0.0	10.0
limax_pkpd_v42	methacetin	Kasicka-Jonderko2013a	M_HBMI_BMAD	8	mom_rec_metc13	0.45	30.46	2.16	103.0	0.0	0.0	0.0	0.0	0.0	10.0	103.0	0.0	10.0
limax_pkpd_v42	methacetin	Kasicka-Jonderko2013a	M_HBMI_BMAD	8	mom_rec_metc13	0.5	28.51	1.64	103.0	0.0	0.0	0.0	0.0	0.0	10.0	103.0	0.0	10.0
limax_pkpd_v42	methacetin	Kasicka-Jonderko2013a	M_HBMI_BMAD	8	mom_rec_metc13	0.6666666666666666	23.48	2.0	103.0	0.0	0.0	0.0	0.0	0.0	10.0	103.0	0.0	10.0
limax_pkpd_v42	methacetin	Kasicka-Jonderko2013a	M_HBMI_BMAD	8	mom_rec_metc13	0.8333333333333334	19.2	0.9	103.0	0.0	0.0	0.0	0.0	0.0	10.0	103.0	0.0	10.0
limax_pkpd_v42	methacetin	Kasicka-Jonderko2013a	M_HBMI_BMAD	8	mom_rec_metc13	1.0	16.55	0.9	103.0	0.0	0.0	0.0	0.0	0.0	10.0	103.0	0.0	10.0
limax_pkpd_v42	methacetin	Kasicka-Jonderko2013a	M_HBMI_BMAD	8	mom_rec_metc13	1.25	13.73	0.69	103.0	0.0	0.0	0.0	0.0	0.0	10.0	103.0	0.0	10.0
limax_pkpd_v42	methacetin	Kasicka-Jonderko2013a	M_HBMI_BMAD	8	mom_rec_metc13	1.5	11.55	0.53	103.0	0.0	0.0	0.0	0.0	0.0	10.0	103.0	0.0	10.0
limax_pkpd_v42	methacetin	Kasicka-Jonderko2013a	M_HBMI_BMAD	8	mom_rec_metc13	1.75	10.69	0.58	103.0	0.0	0.0	0.0	0.0	0.0	10.0	103.0	0.0	10.0
limax_pkpd_v42	methacetin	Kasicka-Jonderko2013a	M_HBMI_BMAD	8	mom_rec_metc13	2.0	9.46	0.32	103.0	0.0	0.0	0.0	0.0	0.0	10.0	103.0	0.0	10.0
limax_pkpd_v42	methacetin	Kasicka-Jonderko2013a	M_HBMI_BMAD	8	mom_rec_metc13	2.5	7.42	0.32	103.0	0.0	0.0	0.0	0.0	0.0	10.0	103.0	0.0	10.0
limax_pkpd_v42	methacetin	Kasicka-Jonderko2013a	M_HBMI_BMAD	8	mom_rec_metc13	3.0	6.01	0.69	103.0	0.0	0.0	0.0	0.0	0.0	10.0	103.0	0.0	10.0
limax_pkpd_v42	methacetin	Kasicka-Jonderko2013a	M_HBMI_BMAD	8	cum_rec_metc13	0.0	0.0	0.41	103.0	0.0	0.0	0.0	0.0	0.0	10.0	103.0	0.0	10.0
limax_pkpd_v42	methacetin	Kasicka-Jonderko2013a	M_HBMI_BMAD	8	cum_rec_metc13	0.05	0.0	0.53	103.0	0.0	0.0	0.0	0.0	0.0	10.0	103.0	0.0	10.0
limax_pkpd_v42	methacetin	Kasicka-Jonderko2013a	M_HBMI_BMAD	8	cum_rec_metc13	0.1	0.58	0.47	103.0	0.0	0.0	0.0	0.0	0.0	10.0	103.0	0.0	10.0
limax_pkpd_v42	methacetin	Kasicka-Jonderko2013a	M_HBMI_BMAD	8	cum_rec_metc13	0.15	1.29	0.35	103.0	0.0	0.0	0.0	0.0	0.0	10.0	103.0	0.0	10.0
limax_pkpd_v42	methacetin	Kasicka-Jonderko2013a	M_HBMI_BMAD	8	cum_rec_metc13	0.2	2.46	0.64	103.0	0.0	0.0	0.0	0.0	0.0	10.0	103.0	0.0	10.0
limax_pkpd_v42	methacetin	Kasicka-Jonderko2013a	M_HBMI_BMAD	8	cum_rec_metc13	0.25	4.1	0.64	103.0	0.0	0.0	0.0	0.0	0.0	10.0	103.0	0.0	10.0
limax_pkpd_v42	methacetin	Kasicka-Jonderko2013a	M_HBMI_BMAD	8	cum_rec_metc13	0.3	5.68	1.0	103.0	0.0	0.0	0.0	0.0	0.0	10.0	103.0	0.0	10.0
limax_pkpd_v42	methacetin	Kasicka-Jonderko2013a	M_HBMI_BMAD	8	cum_rec_metc13	0.35	7.5	0.94	103.0	0.0	0.0	0.0	0.0	0.0	10.0	103.0	0.0	10.0
limax_pkpd_v42	methacetin	Kasicka-Jonderko2013a	M_HBMI_BMAD	8	cum_rec_metc13	0.4	9.02	1.23	103.0	0.0	0.0	0.0	0.0	0.0	10.0	103.0	0.0	10.0
limax_pkpd_v42	methacetin	Kasicka-Jonderko2013a	M_HBMI_BMAD	8	cum_rec_metc13	0.45	10.54	1.06	103.0	0.0	0.0	0.0	0.0	0.0	10.0	103.0	0.0	10.0
limax_pkpd_v42	methacetin	Kasicka-Jonderko2013a	M_HBMI_BMAD	8	cum_rec_metc13	0.5	12.12	1.06	103.0	0.0	0.0	0.0	0.0	0.0	10.0	103.0	0.0	10.0
limax_pkpd_v42	methacetin	Kasicka-Jonderko2013a	M_HBMI_BMAD	8	cum_rec_metc13	0.6666666666666666	16.34	1.29	103.0	0.0	0.0	0.0	0.0	0.0	10.0	103.0	0.0	10.0
limax_pkpd_v42	methacetin	Kasicka-Jonderko2013a	M_HBMI_BMAD	8	cum_rec_metc13	0.8333333333333334	19.97	1.23	103.0	0.0	0.0	0.0	0.0	0.0	10.0	103.0	0.0	10.0
limax_pkpd_v42	methacetin	Kasicka-Jonderko2013a	M_HBMI_BMAD	8	cum_rec_metc13	1.0	22.9	1.29	103.0	0.0	0.0	0.0	0.0	0.0	10.0	103.0	0.0	10.0
limax_pkpd_v42	methacetin	Kasicka-Jonderko2013a	M_HBMI_BMAD	8	cum_rec_metc13	1.25	26.7	1.29	103.0	0.0	0.0	0.0	0.0	0.0	10.0	103.0	0.0	10.0
limax_pkpd_v42	methacetin	Kasicka-Jonderko2013a	M_HBMI_BMAD	8	cum_rec_metc13	1.5	29.98	1.11	103.0	0.0	0.0	0.0	0.0	0.0	10.0	103.0	0.0	10.0
limax_pkpd_v42	methacetin	Kasicka-Jonderko2013a	M_HBMI_BMAD	8	cum_rec_metc13	1.75	32.79	1.23	103.0	0.0	0.0	0.0	0.0	0.0	10.0	103.0	0.0	10.0
limax_pkpd_v42	methacetin	Kasicka-Jonderko2013a	M_HBMI_BMAD	8	cum_rec_metc13	2.0	35.31	1.29	103.0	0.0	0.0	0.0	0.0	0.0	10.0	103.0	0.0	10.0
limax_pkpd_v42	methacetin	Kasicka-Jonderko2013a	M_HBMI_BMAD	8	cum_rec_metc13	2.5	39.58	1.35	103.0	0.0	0.0	0.0	0.0	0.0	10.0	103.0	0.0	10.0
limax_pkpd_v42	methacetin	Kasicka-Jonderko2013a	M_HBMI_BMAD	8	cum_rec_metc13	3.0	43.02	1.47	103.0	0.0	0.0	0.0	0.0	0.0	10.0	103.0	0.0	10.0
limax_pkpd_v42	methacetin	Ciccocioppo2003	adult	28	mom_rec_metc13	0.0	0.0	0.51	73.1	0.0	0.0	0.0	0.0	0.0	10.0	73.1	0.0	10.0
limax_pkpd_v42	methacetin	Ciccocioppo2003	adult	28	mom_rec_metc13	0.25	38.36	2.56	73.1	0.0	0.0	0.0	0.0	0.0	10.0	73.1	0.0	10.0
limax_pkpd_v42	methacetin	Ciccocioppo2003	adult	28	mom_rec_metc13	0.5	28.5	2.22	73.1	0.0	0.0	0.0	0.0	0.0	10.0	73.1	0.0	10.0
limax_pkpd_v42	methacetin	Ciccocioppo2003	adult	28	mom_rec_metc13	0.75	24.03	1.67	73.1	0.0	0.0	0.0	0.0	0.0	10.0	73.1	0.0	10.0
limax_pkpd_v42	methacetin	Ciccocioppo2003	adult	28	mom_rec_metc13	1.0	19.45	1.17	73.1	0.0	0.0	0.0	0.0	0.0	10.0	73.1	0.0	10.0
limax_pkpd_v42	methacetin	Ciccocioppo2003	adult	28	mom_rec_metc13	1.25	17.47	1.17	73.1	0.0	0.0	0.0	0.0	0.0	10.0	73.1	0.0	10.0
limax_pkpd_v42	methacetin	Ciccocioppo2003	adult	28	mom_rec_metc13	1.5	14.1	1.05	73.1	0.0	0.0	0.0	0.0	0.0	10.0	73.1	0.0	10.0
limax_pkpd_v42	methacetin	Ciccocioppo2003	adult	28	mom_rec_metc13	1.75	12.39	0.85	73.1	0.0	0.0	0.0	0.0	0.0	10.0	73.1	0.0	10.0
limax_pkpd_v42	methacetin	Ciccocioppo2003	adult	28	mom_rec_metc13	2.0	10.22	0.66	73.1	0.0	0.0	0.0	0.0	0.0	10.0	73.1	0.0	10.0
limax_pkpd_v42	methacetin	Ciccocioppo2003	adult	28	cum_rec_metc13	0.0	0.0	0.75	73.1	0.0	0.0	0.0	0.0	0.0	10.0	73.1	0.0	10.0
limax_pkpd_v42	methacetin	Ciccocioppo2003	adult	28	cum_rec_metc13	0.25	3.85	0.58	73.1	0.0	0.0	0.0	0.0	0.0	10.0	73.1	0.0	10.0
limax_pkpd_v42	methacetin	Ciccocioppo2003	adult	28	cum_rec_metc13	0.5	11.92	0.58	73.1	0.0	0.0	0.0	0.0	0.0	10.0	73.1	0.0	10.0
limax_pkpd_v42	methacetin	Ciccocioppo2003	adult	28	cum_rec_metc13	0.75	17.47	0.83	73.1	0.0	0.0	0.0	0.0	0.0	10.0	73.1	0.0	10.0
limax_pkpd_v42	methacetin	Ciccocioppo2003	adult	28	cum_rec_metc13	1.0	21.87	1.3	73.1	0.0	0.0	0.0	0.0	0.0	10.0	73.1	0.0	10.0
limax_pkpd_v42	methacetin	Ciccocioppo2003	adult	28	cum_rec_metc13	1.25	25.47	1.37	73.1	0.0	0.0	0.0	0.0	0.0	10.0	73.1	0.0	10.0
limax_pkpd_v42	methacetin	Ciccocioppo2003	adult	28	cum_rec_metc13	1.5	30.41	1.59	73.1	0.0	0.0	0.0	0.0	0.0	10.0	73.1	0.0	10.0
limax_pkpd_v42	methacetin	Ciccocioppo2003	adult	28	cum_rec_metc13	1.75	34.87	1.55	73.1	0.0	0.0	0.0	0.0	0.0	10.0	73.1	0.0	10.0
limax_pkpd_v42	methacetin	Ciccocioppo2003	adult	28	cum_rec_metc13	2.0	39.81	1.95	73.1	0.0	0.0	0.0	0.0	0.0	10.0	73.1	0.0	10.0
limax_pkpd_v42	methacetin	Ciccocioppo2003	elderly	29	mom_rec_metc13	0.0	0.0	0.7	69.8	0.0	0.0	0.0	0.0	0.0	10.0	69.8	0.0	10.0
limax_pkpd_v42	methacetin	Ciccocioppo2003	elderly	29	mom_rec_metc13	0.25	30.63	3.15	69.8	0.0	0.0	0.0	0.0	0.0	10.0	69.8	0.0	10.0
limax_pkpd_v42	methacetin	Ciccocioppo2003	elderly	29	mom_rec_metc13	0.5	21.81	2.21	69.8	0.0	0.0	0.0	0.0	0.0	10.0	69.8	0.0	10.0
limax_pkpd_v42	methacetin	Ciccocioppo2003	elderly	29	mom_rec_metc13	0.75	17.27	1.67	69.8	0.0	0.0	0.0	0.0	0.0	10.0	69.8	0.0	10.0
limax_pkpd_v42	methacetin	Ciccocioppo2003	elderly	29	mom_rec_metc13	1.0	14.4	1.4	69.8	0.0	0.0	0.0	0.0	0.0	10.0	69.8	0.0	10.0
limax_pkpd_v42	methacetin	Ciccocioppo2003	elderly	29	mom_rec_metc13	1.25	15.02	1.48	69.8	0.0	0.0	0.0	0.0	0.0	10.0	69.8	0.0	10.0
limax_pkpd_v42	methacetin	Ciccocioppo2003	elderly	29	mom_rec_metc13	1.5	10.09	1.05	69.8	0.0	0.0	0.0	0.0	0.0	10.0	69.8	0.0	10.0
limax_pkpd_v42	methacetin	Ciccocioppo2003	elderly	29	mom_rec_metc13	1.75	9.32	0.89	69.8	0.0	0.0	0.0	0.0	0.0	10.0	69.8	0.0	10.0
limax_pkpd_v42	methacetin	Ciccocioppo2003	elderly	29	mom_rec_metc13	2.0	8.55	0.97	69.8	0.0	0.0	0.0	0.0	0.0	10.0	69.8	0.0	10.0
limax_pkpd_v42	methacetin	Ciccocioppo2003	elderly	29	cum_rec_metc13	0.0	0.0	0.65	69.8	0.0	0.0	0.0	0.0	0.0	10.0	69.8	0.0	10.0
limax_pkpd_v42	methacetin	Ciccocioppo2003	elderly	29	cum_rec_metc13	0.25	3.42	0.51	69.8	0.0	0.0	0.0	0.0	0.0	10.0	69.8	0.0	10.0
limax_pkpd_v42	methacetin	Ciccocioppo2003	elderly	29	cum_rec_metc13	0.5	10.08	0.65	69.8	0.0	0.0	0.0	0.0	0.0	10.0	69.8	0.0	10.0
limax_pkpd_v42	methacetin	Ciccocioppo2003	elderly	29	cum_rec_metc13	0.75	14.95	0.83	69.8	0.0	0.0	0.0	0.0	0.0	10.0	69.8	0.0	10.0
limax_pkpd_v42	methacetin	Ciccocioppo2003	elderly	29	cum_rec_metc13	1.0	18.08	1.08	69.8	0.0	0.0	0.0	0.0	0.0	10.0	69.8	0.0	10.0
limax_pkpd_v42	methacetin	Ciccocioppo2003	elderly	29	cum_rec_metc13	1.25	22.8	1.3	69.8	0.0	0.0	0.0	0.0	0.0	10.0	69.8	0.0	10.0
limax_pkpd_v42	methacetin	Ciccocioppo2003	elderly	29	cum_rec_metc13	1.5	25.61	1.48	69.8	0.0	0.0	0.0	0.0	0.0	10.0	69.8	0.0	10.0
limax_pkpd_v42	methacetin	Ciccocioppo2003	elderly	29	cum_rec_metc13	1.75	29.03	1.77	69.8	0.0	0.0	0.0	0.0	0.0	10.0	69.8	0.0	10.0
limax_pkpd_v42	methacetin	Ciccocioppo2003	elderly	29	cum_rec_metc13	2.0	33.02	2.02	69.8	0.0	0.0	0.0	0.0	0.0	10.0	69.8	0.0	10.0
limax_pkpd_v42	methacetin	Krumbiegel1985	AC-01	1	cum_rec_metc13	0.15	1.24	NaN	75.0	0.0	0.0	0.0	0.0	0.0	10.0	375.0	0.0	10.0
limax_pkpd_v42	methacetin	Krumbiegel1985	AC-01	1	cum_rec_metc13	0.3333333333333333	3.82	NaN	75.0	0.0	0.0	0.0	0.0	0.0	10.0	375.0	0.0	10.0
limax_pkpd_v42	methacetin	Krumbiegel1985	AC-01	1	cum_rec_metc13	0.5166666666666667	7.04	NaN	75.0	0.0	0.0	0.0	0.0	0.0	10.0	375.0	0.0	10.0
limax_pkpd_v42	methacetin	Krumbiegel1985	AC-01	1	cum_rec_metc13	0.65	10.22	NaN	75.0	0.0	0.0	0.0	0.0	0.0	10.0	375.0	0.0	10.0
limax_pkpd_v42	methacetin	Krumbiegel1985	AC-01	1	cum_rec_metc13	0.8166666666666667	13.23	NaN	75.0	0.0	0.0	0.0	0.0	0.0	10.0	375.0	0.0	10.0
limax_pkpd_v42	methacetin	Krumbiegel1985	AC-01	1	cum_rec_metc13	1.0	16.08	NaN	75.0	0.0	0.0	0.0	0.0	0.0	10.0	375.0	0.0	10.0
limax_pkpd_v42	methacetin	Krumbiegel1985	AC-01	1	cum_rec_metc13	1.15	18.71	NaN	75.0	0.0	0.0	0.0	0.0	0.0	10.0	375.0	0.0	10.0
limax_pkpd_v42	methacetin	Krumbiegel1985	AC-01	1	cum_rec_metc13	1.3166666666666667	21.4	NaN	75.0	0.0	0.0	0.0	0.0	0.0	10.0	375.0	0.0	10.0
limax_pkpd_v42	methacetin	Krumbiegel1985	AC-01	1	cum_rec_metc13	1.6666666666666667	25.71	NaN	75.0	0.0	0.0	0.0	0.0	0.0	10.0	375.0	0.0	10.0
limax_pkpd_v42	methacetin	Krumbiegel1985	AC-01	1	cum_rec_metc13	1.9833333333333334	29.25	NaN	75.0	0.0	0.0	0.0	0.0	0.0	10.0	375.0	0.0	10.0
limax_pkpd_v42	methacetin	Krumbiegel1985	AC-01	1	cum_rec_metc13	2.5	34.31	NaN	75.0	0.0	0.0	0.0	0.0	0.0	10.0	375.0	0.0	10.0
limax_pkpd_v42	methacetin	Krumbiegel1985	AC-01	1	cum_rec_metc13	3.0166666666666666	38.18	NaN	75.0	0.0	0.0	0.0	0.0	0.0	10.0	375.0	0.0	10.0
limax_pkpd_v42	methacetin	Krumbiegel1985	AC-01	1	cum_rec_metc13	3.5166666666666666	41.99	NaN	75.0	0.0	0.0	0.0	0.0	0.0	10.0	375.0	0.0	10.0
limax_pkpd_v42	methacetin	Krumbiegel1985	AC-01	1	cum_rec_metc13	4.033333333333333	45.43	NaN	75.0	0.0	0.0	0.0	0.0	0.0	10.0	375.0	0.0	10.0
limax_pkpd_v42	methacetin	Krumbiegel1985	AC-01	1	cum_rec_metc13	5.05	49.84	NaN	75.0	0.0	0.0	0.0	0.0	0.0	10.0	375.0	0.0	10.0
limax_pkpd_v42	methacetin	Krumbiegel1985	AC-01	1	cum_rec_metc13	6.033333333333333	53.28	NaN	75.0	0.0	0.0	0.0	0.0	0.0	10.0	375.0	0.0	10.0
limax_pkpd_v42	methacetin	Krumbiegel1985	AC-01	1	cum_rec_metc13	7.033333333333333	55.64	NaN	75.0	0.0	0.0	0.0	0.0	0.0	10.0	375.0	0.0	10.0
limax_pkpd_v42	methacetin	Krumbiegel1985	AC-01	1	cum_rec_metc13	7.766666666666667	57.08	NaN	75.0	0.0	0.0	0.0	0.0	0.0	10.0	375.0	0.0	10.0
limax_pkpd_v42	methacetin	Krumbiegel1985	AC-01	1	cum_rec_metc13	9.366666666666667	59.71	NaN	75.0	0.0	0.0	0.0	0.0	0.0	10.0	375.0	0.0	10.0
limax_pkpd_v42	methacetin	Krumbiegel1985	AC-03	1	cum_rec_metc13	0.31666666666666665	2.58	NaN	75.0	0.0	0.0	0.0	0.0	0.0	10.0	375.0	0.0	10.0
limax_pkpd_v42	methacetin	Krumbiegel1985	AC-03	1	cum_rec_metc13	0.5	5.7	NaN	75.0	0.0	0.0	0.0	0.0	0.0	10.0	375.0	0.0	10.0
limax_pkpd_v42	methacetin	Krumbiegel1985	AC-03	1	cum_rec_metc13	0.6833333333333333	8.12	NaN	75.0	0.0	0.0	0.0	0.0	0.0	10.0	375.0	0.0	10.0
limax_pkpd_v42	methacetin	Krumbiegel1985	AC-03	1	cum_rec_metc13	0.8333333333333334	10.7	NaN	75.0	0.0	0.0	0.0	0.0	0.0	10.0	375.0	0.0	10.0
limax_pkpd_v42	methacetin	Krumbiegel1985	AC-03	1	cum_rec_metc13	1.0	13.07	NaN	75.0	0.0	0.0	0.0	0.0	0.0	10.0	375.0	0.0	10.0
limax_pkpd_v42	methacetin	Krumbiegel1985	AC-03	1	cum_rec_metc13	1.15	17.1	NaN	75.0	0.0	0.0	0.0	0.0	0.0	10.0	375.0	0.0	10.0
limax_pkpd_v42	methacetin	Krumbiegel1985	AC-03	1	cum_rec_metc13	1.3333333333333333	20.17	NaN	75.0	0.0	0.0	0.0	0.0	0.0	10.0	375.0	0.0	10.0
limax_pkpd_v42	methacetin	Krumbiegel1985	AC-03	1	cum_rec_metc13	1.5	23.23	NaN	75.0	0.0	0.0	0.0	0.0	0.0	10.0	375.0	0.0	10.0
limax_pkpd_v42	methacetin	Krumbiegel1985	AC-03	1	cum_rec_metc13	1.8333333333333333	26.78	NaN	75.0	0.0	0.0	0.0	0.0	0.0	10.0	375.0	0.0	10.0
limax_pkpd_v42	methacetin	Krumbiegel1985	AC-03	1	cum_rec_metc13	2.1666666666666665	30.11	NaN	75.0	0.0	0.0	0.0	0.0	0.0	10.0	375.0	0.0	10.0
limax_pkpd_v42	methacetin	Krumbiegel1985	AC-03	1	cum_rec_metc13	2.5166666666666666	32.96	NaN	75.0	0.0	0.0	0.0	0.0	0.0	10.0	375.0	0.0	10.0
limax_pkpd_v42	methacetin	Krumbiegel1985	AC-03	1	cum_rec_metc13	2.8333333333333335	35.54	NaN	75.0	0.0	0.0	0.0	0.0	0.0	10.0	375.0	0.0	10.0
limax_pkpd_v42	methacetin	Krumbiegel1985	AC-03	1	cum_rec_metc13	3.1666666666666665	38.45	NaN	75.0	0.0	0.0	0.0	0.0	0.0	10.0	375.0	0.0	10.0
limax_pkpd_v42	methacetin	Holtmeier2006	NaN	20	cum_rec_metc13	0.0	0.72	0.57	75.0	0.0	0.0	0.0	0.0	0.0	10.0	150.0	0.0	10.0
limax_pkpd_v42	methacetin	Holtmeier2006	NaN	20	cum_rec_metc13	0.16666666666666666	2.3	0.64	75.0	0.0	0.0	0.0	0.0	0.0	10.0	150.0	0.0	10.0
limax_pkpd_v42	methacetin	Holtmeier2006	NaN	20	cum_rec_metc13	0.3333333333333333	8.64	1.58	75.0	0.0	0.0	0.0	0.0	0.0	10.0	150.0	0.0	10.0
limax_pkpd_v42	methacetin	Holtmeier2006	NaN	20	cum_rec_metc13	0.5	14.0	2.22	75.0	0.0	0.0	0.0	0.0	0.0	10.0	150.0	0.0	10.0
limax_pkpd_v42	methacetin	Holtmeier2006	NaN	20	cum_rec_metc13	0.6666666666666666	17.04	2.55	75.0	0.0	0.0	0.0	0.0	0.0	10.0	150.0	0.0	10.0
limax_pkpd_v42	methacetin	Holtmeier2006	NaN	20	cum_rec_metc13	0.8333333333333334	19.21	4.11	75.0	0.0	0.0	0.0	0.0	0.0	10.0	150.0	0.0	10.0
limax_pkpd_v42	methacetin	Holtmeier2006	NaN	20	cum_rec_metc13	1.0	20.69	5.15	75.0	0.0	0.0	0.0	0.0	0.0	10.0	150.0	0.0	10.0
limax_pkpd_v42	methacetin	Lalazar2008	NaN	100	mom_rec_metc13	0.0	0.0	NaN	75.0	0.0	0.0	0.0	0.0	0.0	10.0	75.0	0.0	10.0
limax_pkpd_v42	methacetin	Lalazar2008	NaN	100	mom_rec_metc13	0.16666666666666666	23.85	1.078	75.0	0.0	0.0	0.0	0.0	0.0	10.0	75.0	0.0	10.0
limax_pkpd_v42	methacetin	Lalazar2008	NaN	100	mom_rec_metc13	0.25	30.63	1.067	75.0	0.0	0.0	0.0	0.0	0.0	10.0	75.0	0.0	10.0
limax_pkpd_v42	methacetin	Lalazar2008	NaN	100	mom_rec_metc13	0.3333333333333333	32.18	0.865	75.0	0.0	0.0	0.0	0.0	0.0	10.0	75.0	0.0	10.0
limax_pkpd_v42	methacetin	Lalazar2008	NaN	100	mom_rec_metc13	0.5	27.03	0.529	75.0	0.0	0.0	0.0	0.0	0.0	10.0	75.0	0.0	10.0
limax_pkpd_v42	methacetin	Lalazar2008	NaN	100	mom_rec_metc13	1.0	15.82	0.26	75.0	0.0	0.0	0.0	0.0	0.0	10.0	75.0	0.0	10.0
limax_pkpd_v42	methacetin	Lalazar2008	NaN	100	mom_rec_metc13	0.0	0.0	NaN	75.0	0.0	0.0	0.0	0.0	0.0	10.0	75.0	0.0	10.0
limax_pkpd_v42	methacetin	Lalazar2008	NaN	100	mom_rec_metc13	0.16666666666666666	21.64	1.381	75.0	0.0	0.0	0.0	0.0	0.0	10.0	75.0	0.0	10.0
limax_pkpd_v42	methacetin	Lalazar2008	NaN	100	mom_rec_metc13	0.25	27.01	1.3869999999999998	75.0	0.0	0.0	0.0	0.0	0.0	10.0	75.0	0.0	10.0
limax_pkpd_v42	methacetin	Lalazar2008	NaN	100	mom_rec_metc13	0.3333333333333333	27.16	1.141	75.0	0.0	0.0	0.0	0.0	0.0	10.0	75.0	0.0	10.0
limax_pkpd_v42	methacetin	Lalazar2008	NaN	100	mom_rec_metc13	0.5	23.19	0.8	75.0	0.0	0.0	0.0	0.0	0.0	10.0	75.0	0.0	10.0
limax_pkpd_v42	methacetin	Lalazar2008	NaN	100	mom_rec_metc13	1.0	13.5	0.402	75.0	0.0	0.0	0.0	0.0	0.0	10.0	75.0	0.0	10.0
limax_pkpd_v42	methacetin	Lalazar2008	NaN	100	cum_rec_metc13	0.0	0.0	NaN	75.0	0.0	0.0	0.0	0.0	0.0	10.0	75.0	0.0	10.0
limax_pkpd_v42	methacetin	Lalazar2008	NaN	100	cum_rec_metc13	0.16666666666666666	1.92	0.092	75.0	0.0	0.0	0.0	0.0	0.0	10.0	75.0	0.0	10.0
limax_pkpd_v42	methacetin	Lalazar2008	NaN	100	cum_rec_metc13	0.25	4.12	0.175	75.0	0.0	0.0	0.0	0.0	0.0	10.0	75.0	0.0	10.0
limax_pkpd_v42	methacetin	Lalazar2008	NaN	100	cum_rec_metc13	0.3333333333333333	6.66	0.244	75.0	0.0	0.0	0.0	0.0	0.0	10.0	75.0	0.0	10.0
limax_pkpd_v42	methacetin	Lalazar2008	NaN	100	cum_rec_metc13	0.5	11.7	0.33	75.0	0.0	0.0	0.0	0.0	0.0	10.0	75.0	0.0	10.0
limax_pkpd_v42	methacetin	Lalazar2008	NaN	100	cum_rec_metc13	1.0	21.9	0.41100000000000003	75.0	0.0	0.0	0.0	0.0	0.0	10.0	75.0	0.0	10.0
limax_pkpd_v42	methacetin	Lalazar2008	NaN	100	cum_rec_metc13	0.0	0.0	NaN	75.0	0.0	0.0	0.0	0.0	0.0	10.0	75.0	0.0	10.0
limax_pkpd_v42	methacetin	Lalazar2008	NaN	100	cum_rec_metc13	0.16666666666666666	2.1	0.12	75.0	0.0	0.0	0.0	0.0	0.0	10.0	75.0	0.0	10.0
limax_pkpd_v42	methacetin	Lalazar2008	NaN	100	cum_rec_metc13	0.25	4.4	0.209	75.0	0.0	0.0	0.0	0.0	0.0	10.0	75.0	0.0	10.0
limax_pkpd_v42	methacetin	Lalazar2008	NaN	100	cum_rec_metc13	0.3333333333333333	6.96	0.284	75.0	0.0	0.0	0.0	0.0	0.0	10.0	75.0	0.0	10.0
limax_pkpd_v42	methacetin	Lalazar2008	NaN	100	cum_rec_metc13	0.5	11.93	0.37799999999999995	75.0	0.0	0.0	0.0	0.0	0.0	10.0	75.0	0.0	10.0
limax_pkpd_v42	methacetin	Lalazar2008	NaN	100	cum_rec_metc13	1.0	22.02	0.48200000000000004	75.0	0.0	0.0	0.0	0.0	0.0	10.0	75.0	0.0	10.0
limax_pkpd_v42	methacetin	Vranova2013	NaN	37	mom_rec_metc13	0.0	NaN	NaN	75.0	0.0	0.0	0.0	0.0	0.0	10.0	75.0	0.0	10.0
limax_pkpd_v42	methacetin	Vranova2013	NaN	37	mom_rec_metc13	10.0	25.86	1.53	75.0	0.0	0.0	0.0	0.0	0.0	10.0	75.0	0.0	10.0
limax_pkpd_v42	methacetin	Vranova2013	NaN	37	mom_rec_metc13	20.0	32.48	1.53	75.0	0.0	0.0	0.0	0.0	0.0	10.0	75.0	0.0	10.0
limax_pkpd_v42	methacetin	Vranova2013	NaN	37	mom_rec_metc13	30.0	25.57	1.01	75.0	0.0	0.0	0.0	0.0	0.0	10.0	75.0	0.0	10.0
limax_pkpd_v42	methacetin	Vranova2013	NaN	37	mom_rec_metc13	40.0	20.7	0.84	75.0	0.0	0.0	0.0	0.0	0.0	10.0	75.0	0.0	10.0
limax_pkpd_v42	methacetin	Vranova2013	NaN	37	mom_rec_metc13	50.0	17.44	0.76	75.0	0.0	0.0	0.0	0.0	0.0	10.0	75.0	0.0	10.0
limax_pkpd_v42	methacetin	Vranova2013	NaN	37	mom_rec_metc13	60.0	14.89	0.54	75.0	0.0	0.0	0.0	0.0	0.0	10.0	75.0	0.0	10.0
limax_pkpd_v42	methacetin	Vranova2013	NaN	37	mom_rec_metc13	80.0	11.88	0.34	75.0	0.0	0.0	0.0	0.0	0.0	10.0	75.0	0.0	10.0
limax_pkpd_v42	methacetin	Vranova2013	NaN	37	mom_rec_metc13	100.0	9.75	0.31	75.0	0.0	0.0	0.0	0.0	0.0	10.0	75.0	0.0	10.0
limax_pkpd_v42	methacetin	Vranova2013	NaN	37	mom_rec_metc13	120.0	8.27	0.25	75.0	0.0	0.0	0.0	0.0	0.0	10.0	75.0	0.0	10.0
limax_pkpd_v42	methacetin	Vranova2013	NaN	37	cum_rec_metc13	0.0	NaN	NaN	75.0	0.0	0.0	0.0	0.0	0.0	10.0	75.0	0.0	10.0
limax_pkpd_v42	methacetin	Vranova2013	NaN	37	cum_rec_metc13	10.0	2.15	0.13	75.0	0.0	0.0	0.0	0.0	0.0	10.0	75.0	0.0	10.0
limax_pkpd_v42	methacetin	Vranova2013	NaN	37	cum_rec_metc13	20.0	7.02	0.36	75.0	0.0	0.0	0.0	0.0	0.0	10.0	75.0	0.0	10.0
limax_pkpd_v42	methacetin	Vranova2013	NaN	37	cum_rec_metc13	30.0	11.85	0.52	75.0	0.0	0.0	0.0	0.0	0.0	10.0	75.0	0.0	10.0
limax_pkpd_v42	methacetin	Vranova2013	NaN	37	cum_rec_metc13	40.0	15.71	0.61	75.0	0.0	0.0	0.0	0.0	0.0	10.0	75.0	0.0	10.0
limax_pkpd_v42	methacetin	Vranova2013	NaN	37	cum_rec_metc13	50.0	18.89	0.68	75.0	0.0	0.0	0.0	0.0	0.0	10.0	75.0	0.0	10.0
limax_pkpd_v42	methacetin	Vranova2013	NaN	37	cum_rec_metc13	60.0	21.58	0.74	75.0	0.0	0.0	0.0	0.0	0.0	10.0	75.0	0.0	10.0
limax_pkpd_v42	methacetin	Vranova2013	NaN	37	cum_rec_metc13	80.0	26.04	0.84	75.0	0.0	0.0	0.0	0.0	0.0	10.0	75.0	0.0	10.0
limax_pkpd_v42	methacetin	Vranova2013	NaN	37	cum_rec_metc13	100.0	29.65	0.91	75.0	0.0	0.0	0.0	0.0	0.0	10.0	75.0	0.0	10.0
limax_pkpd_v42	methacetin	Vranova2013	NaN	37	cum_rec_metc13	120.0	32.65	0.98	75.0	0.0	0.0	0.0	0.0	0.0	10.0	75.0	0.0	10.0
limax_pkpd_v42	limax	Taheri2013	NaN	28	Mve_metc13	0.0	0.0	NaN	74.9	0.0	0.0	0.0	0.0	0.0	10.0	149.8	0.0	30.0
limax_pkpd_v42	limax	Taheri2013	NaN	28	Mve_metc13	0.008333333333333333	10.333703703703703	1.5675646825256129	74.9	0.0	0.0	0.0	0.0	0.0	10.0	149.8	0.0	30.0
limax_pkpd_v42	limax	Taheri2013	NaN	28	Mve_metc13	0.016666666666666666	8.907037037037037	0.8582905390495158	74.9	0.0	0.0	0.0	0.0	0.0	10.0	149.8	0.0	30.0
limax_pkpd_v42	limax	Taheri2013	NaN	28	Mve_metc13	0.03333333333333333	6.661481481481483	0.5635013611772369	74.9	0.0	0.0	0.0	0.0	0.0	10.0	149.8	0.0	30.0
limax_pkpd_v42	limax	Taheri2013	NaN	28	Mve_metc13	0.08333333333333333	4.3274074074074065	0.3591725472183099	74.9	0.0	0.0	0.0	0.0	0.0	10.0	149.8	0.0	30.0
limax_pkpd_v42	limax	Taheri2013	NaN	28	Mve_metc13	0.16666666666666666	2.6570370370370373	0.14954677102330222	74.9	0.0	0.0	0.0	0.0	0.0	10.0	149.8	0.0	30.0
limax_pkpd_v42	limax	Taheri2013	NaN	28	Mve_metc13	0.3333333333333333	1.6670370370370369	0.09184011701792606	74.9	0.0	0.0	0.0	0.0	0.0	10.0	149.8	0.0	30.0
limax_pkpd_v42	limax	Taheri2013	NaN	28	Mve_metc13	0.5	1.283076923076923	0.0680452524580478	74.9	0.0	0.0	0.0	0.0	0.0	10.0	149.8	0.0	30.0
limax_pkpd_v42	limax	Taheri2013	NaN	28	Mve_metc13	1.0	0.7896153846153846	0.04511122021569703	74.9	0.0	0.0	0.0	0.0	0.0	10.0	149.8	0.0	30.0
limax_pkpd_v42	limax	Taheri2013	NaN	28	Mve_apap	0.0	0.0	NaN	74.9	0.0	0.0	0.0	0.0	0.0	10.0	149.8	0.0	30.0
limax_pkpd_v42	limax	Taheri2013	NaN	28	Mve_apap	0.008333333333333333	0.0	NaN	74.9	0.0	0.0	0.0	0.0	0.0	10.0	149.8	0.0	30.0
limax_pkpd_v42	limax	Taheri2013	NaN	28	Mve_apap	0.016666666666666666	0.015185185185185187	0.012186495804461654	74.9	0.0	0.0	0.0	0.0	0.0	10.0	149.8	0.0	30.0
limax_pkpd_v42	limax	Taheri2013	NaN	28	Mve_apap	0.03333333333333333	0.4407407407407407	0.0950061623257912	74.9	0.0	0.0	0.0	0.0	0.0	10.0	149.8	0.0	30.0
limax_pkpd_v42	limax	Taheri2013	NaN	28	Mve_apap	0.08333333333333333	1.4174074074074072	0.13483636231082094	74.9	0.0	0.0	0.0	0.0	0.0	10.0	149.8	0.0	30.0
limax_pkpd_v42	limax	Taheri2013	NaN	28	Mve_apap	0.16666666666666666	1.4066666666666667	0.10097540168789497	74.9	0.0	0.0	0.0	0.0	0.0	10.0	149.8	0.0	30.0
limax_pkpd_v42	limax	Taheri2013	NaN	28	Mve_apap	0.3333333333333333	1.2707407407407405	0.08898000180458766	74.9	0.0	0.0	0.0	0.0	0.0	10.0	149.8	0.0	30.0
limax_pkpd_v42	limax	Taheri2013	NaN	28	Mve_apap	0.5	1.1446153846153846	0.06125346092314619	74.9	0.0	0.0	0.0	0.0	0.0	10.0	149.8	0.0	30.0
limax_pkpd_v42	limax	Taheri2013	NaN	28	Mve_apap	1.0	1.0565384615384614	0.05187670904822039	74.9	0.0	0.0	0.0	0.0	0.0	10.0	149.8	0.0	30.0
limax_pkpd_v42	limax	Taheri2013	NaN	28	DOB	0.016666666666666666	9.234615384615383	1.3137579508828978	74.9	0.0	0.0	0.0	0.0	0.0	10.0	149.8	0.0	30.0
limax_pkpd_v42	limax	Taheri2013	NaN	28	DOB	0.03333333333333333	20.957692307692312	1.9304968121376709	74.9	0.0	0.0	0.0	0.0	0.0	10.0	149.8	0.0	30.0
limax_pkpd_v42	limax	Taheri2013	NaN	28	DOB	0.08333333333333333	30.02692307692308	1.8075585933711782	74.9	0.0	0.0	0.0	0.0	0.0	10.0	149.8	0.0	30.0
limax_pkpd_v42	limax	Taheri2013	NaN	28	DOB	0.16666666666666666	30.87307692307692	1.3751778875171554	74.9	0.0	0.0	0.0	0.0	0.0	10.0	149.8	0.0	30.0
limax_pkpd_v42	limax	Taheri2013	NaN	28	DOB	0.3333333333333333	26.234615384615388	0.6820287752077085	74.9	0.0	0.0	0.0	0.0	0.0	10.0	149.8	0.0	30.0
limax_pkpd_v42	limax	Taheri2013	NaN	28	DOB	0.5	23.695999999999994	0.5869407368477917	74.9	0.0	0.0	0.0	0.0	0.0	10.0	149.8	0.0	30.0
limax_pkpd_v42	limax	Taheri2013	NaN	28	DOB	0.8333333333333334	21.004	0.4332429209709359	74.9	0.0	0.0	0.0	0.0	0.0	10.0	149.8	0.0	30.0
limax_pkpd_v42	limax	Taheri2013	NaN	28	DOB	1.0	19.88	0.3695170593394264	74.9	0.0	0.0	0.0	0.0	0.0	10.0	149.8	0.0	30.0
